<?xml version="1.0" encoding="UTF-8" ?>
<feature
	id="org.eclipse.babel.nls_eclipse_zh"
	label="Babel Language Pack for eclipse in Chinese (Simplified) (84.49%)"
	image="eclipse_update_120.jpg"
	provider-name="%providerName"
	version="4.19.0.v20210630075054">
	<copyright>
		%copyright
	</copyright>
	<license url="%licenseURL">
		%license
	</license>
	<description>Babel Language Pack for eclipse in Chinese (Simplified)</description>
	<plugin fragment="true" id="org.eclipse.ant.core.nl_zh" unpack="false" version="4.19.0.v20210630075054" download-size="5041" install-size="5041" />
	<plugin fragment="true" id="org.eclipse.ant.launching.nl_zh" unpack="false" version="4.19.0.v20210630075054" download-size="8259" install-size="8259" />
	<plugin fragment="true" id="org.eclipse.ant.tests.core.nl_zh" unpack="false" version="4.19.0.v20210630075054" download-size="1893" install-size="1893" />
	<plugin fragment="true" id="org.eclipse.ant.tests.ui.nl_zh" unpack="false" version="4.19.0.v20210630075054" download-size="1506" install-size="1506" />
	<plugin fragment="true" id="org.eclipse.ant.ui.nl_zh" unpack="false" version="4.19.0.v20210630075054" download-size="23627" install-size="23627" />
	<plugin fragment="true" id="org.eclipse.compare.core.nl_zh" unpack="false" version="4.19.0.v20210630075054" download-size="2582" install-size="2582" />
	<plugin fragment="true" id="org.eclipse.compare.examples.nl_zh" unpack="false" version="4.19.0.v20210630075054" download-size="2552" install-size="2552" />
	<plugin fragment="true" id="org.eclipse.compare.examples.xml.nl_zh" unpack="false" version="4.19.0.v20210630075054" download-size="3714" install-size="3714" />
	<plugin fragment="true" id="org.eclipse.compare.nl_zh" unpack="false" version="4.19.0.v20210630075054" download-size="15690" install-size="15690" />
	<plugin fragment="true" id="org.eclipse.compare.win32.nl_zh" unpack="false" version="4.19.0.v20210630075054" download-size="3352" install-size="3352" />
	<plugin fragment="true" id="org.eclipse.core.commands.nl_zh" unpack="false" version="4.19.0.v20210630075054" download-size="1490" install-size="1490" />
	<plugin fragment="true" id="org.eclipse.core.contenttype.nl_zh" unpack="false" version="4.19.0.v20210630075054" download-size="2801" install-size="2801" />
	<plugin fragment="true" id="org.eclipse.core.databinding.beans.nl_zh" unpack="false" version="4.19.0.v20210630075054" download-size="1524" install-size="1524" />
	<plugin fragment="true" id="org.eclipse.core.databinding.nl_zh" unpack="false" version="4.19.0.v20210630075054" download-size="2909" install-size="2909" />
	<plugin fragment="true" id="org.eclipse.core.databinding.observable.nl_zh" unpack="false" version="4.19.0.v20210630075054" download-size="1523" install-size="1523" />
	<plugin fragment="true" id="org.eclipse.core.databinding.property.nl_zh" unpack="false" version="4.19.0.v20210630075054" download-size="1524" install-size="1524" />
	<plugin fragment="true" id="org.eclipse.core.expressions.nl_zh" unpack="false" version="4.19.0.v20210630075054" download-size="3158" install-size="3158" />
	<plugin fragment="true" id="org.eclipse.core.externaltools.nl_zh" unpack="false" version="4.19.0.v20210630075054" download-size="4267" install-size="4267" />
	<plugin fragment="true" id="org.eclipse.core.filebuffers.nl_zh" unpack="false" version="4.19.0.v20210630075054" download-size="4314" install-size="4314" />
	<plugin fragment="true" id="org.eclipse.core.filesystem.linux.aarch64.nl_zh" unpack="false" version="4.19.0.v20210630075054" download-size="1538" install-size="1538" />
	<plugin fragment="true" id="org.eclipse.core.filesystem.linux.ppc64le.nl_zh" unpack="false" version="4.19.0.v20210630075054" download-size="1541" install-size="1541" />
	<plugin fragment="true" id="org.eclipse.core.filesystem.linux.x86_64.nl_zh" unpack="false" version="4.19.0.v20210630075054" download-size="1569" install-size="1569" />
	<plugin fragment="true" id="org.eclipse.core.filesystem.macosx.nl_zh" unpack="false" version="4.19.0.v20210630075054" download-size="1552" install-size="1552" />
	<plugin fragment="true" id="org.eclipse.core.filesystem.nl_zh" unpack="false" version="4.19.0.v20210630075054" download-size="3111" install-size="3111" />
	<plugin fragment="true" id="org.eclipse.core.filesystem.win32.x86_64.nl_zh" unpack="false" version="4.19.0.v20210630075054" download-size="1581" install-size="1581" />
	<plugin fragment="true" id="org.eclipse.core.jobs.nl_zh" unpack="false" version="4.19.0.v20210630075054" download-size="2622" install-size="2622" />
	<plugin fragment="true" id="org.eclipse.core.net.linux.x86_64.nl_zh" unpack="false" version="4.19.0.v20210630075054" download-size="1570" install-size="1570" />
	<plugin fragment="true" id="org.eclipse.core.net.nl_zh" unpack="false" version="4.19.0.v20210630075054" download-size="2439" install-size="2439" />
	<plugin fragment="true" id="org.eclipse.core.net.win32.x86_64.nl_zh" unpack="false" version="4.19.0.v20210630075054" download-size="1566" install-size="1566" />
	<plugin fragment="true" id="org.eclipse.core.resources.nl_zh" unpack="false" version="4.19.0.v20210630075054" download-size="10417" install-size="10417" />
	<plugin fragment="true" id="org.eclipse.core.resources.win32.x86_64.nl_zh" unpack="false" version="4.19.0.v20210630075054" download-size="1619" install-size="1619" />
	<plugin fragment="true" id="org.eclipse.core.runtime.nl_zh" unpack="false" version="4.19.0.v20210630075054" download-size="4065" install-size="4065" />
	<plugin fragment="true" id="org.eclipse.core.tools.nl_zh" unpack="false" version="4.19.0.v20210630075054" download-size="3304" install-size="3304" />
	<plugin fragment="true" id="org.eclipse.core.tools.resources.nl_zh" unpack="false" version="4.19.0.v20210630075054" download-size="1604" install-size="1604" />
	<plugin fragment="true" id="org.eclipse.core.variables.nl_zh" unpack="false" version="4.19.0.v20210630075054" download-size="2669" install-size="2669" />
	<plugin fragment="true" id="org.eclipse.cvs.nl_zh" unpack="false" version="4.19.0.v20210630075054" download-size="2528" install-size="2528" />
	<plugin fragment="true" id="org.eclipse.debug.core.nl_zh" unpack="false" version="4.19.0.v20210630075054" download-size="8153" install-size="8153" />
	<plugin fragment="true" id="org.eclipse.debug.examples.core.nl_zh" unpack="false" version="4.19.0.v20210630075054" download-size="1992" install-size="1992" />
	<plugin fragment="true" id="org.eclipse.debug.examples.memory.nl_zh" unpack="false" version="4.19.0.v20210630075054" download-size="2917" install-size="2917" />
	<plugin fragment="true" id="org.eclipse.debug.examples.mixedmode.nl_zh" unpack="false" version="4.19.0.v20210630075054" download-size="2917" install-size="2917" />
	<plugin fragment="true" id="org.eclipse.debug.examples.ui.nl_zh" unpack="false" version="4.19.0.v20210630075054" download-size="3351" install-size="3351" />
	<plugin fragment="true" id="org.eclipse.debug.ui.nl_zh" unpack="false" version="4.19.0.v20210630075054" download-size="39327" install-size="39327" />
	<plugin fragment="true" id="org.eclipse.e4.core.commands.nl_zh" unpack="false" version="4.19.0.v20210630075054" download-size="1508" install-size="1508" />
	<plugin fragment="true" id="org.eclipse.e4.core.contexts.nl_zh" unpack="false" version="4.19.0.v20210630075054" download-size="1499" install-size="1499" />
	<plugin fragment="true" id="org.eclipse.e4.core.di.annotations.nl_zh" unpack="false" version="4.19.0.v20210630075054" download-size="1736" install-size="1736" />
	<plugin fragment="true" id="org.eclipse.e4.core.di.extensions.nl_zh" unpack="false" version="4.19.0.v20210630075054" download-size="1518" install-size="1518" />
	<plugin fragment="true" id="org.eclipse.e4.core.di.extensions.supplier.nl_zh" unpack="false" version="4.19.0.v20210630075054" download-size="1758" install-size="1758" />
	<plugin fragment="true" id="org.eclipse.e4.core.di.nl_zh" unpack="false" version="4.19.0.v20210630075054" download-size="1501" install-size="1501" />
	<plugin fragment="true" id="org.eclipse.e4.core.services.nl_zh" unpack="false" version="4.19.0.v20210630075054" download-size="2831" install-size="2831" />
	<plugin fragment="true" id="org.eclipse.e4.demo.cssbridge.nl_zh" unpack="false" version="4.19.0.v20210630075054" download-size="1899" install-size="1899" />
	<plugin fragment="true" id="org.eclipse.e4.emf.xpath.nl_zh" unpack="false" version="4.19.0.v20210630075054" download-size="1723" install-size="1723" />
	<plugin fragment="true" id="org.eclipse.e4.tools.compat.nl_zh" unpack="false" version="4.19.0.v20210630075054" download-size="2736" install-size="2736" />
	<plugin fragment="true" id="org.eclipse.e4.tools.emf.editor3x.nl_zh" unpack="false" version="4.19.0.v20210630075054" download-size="3261" install-size="3261" />
	<plugin fragment="true" id="org.eclipse.e4.tools.emf.ui.nl_zh" unpack="false" version="4.19.0.v20210630075054" download-size="10879" install-size="10879" />
	<plugin fragment="true" id="org.eclipse.e4.tools.jdt.templates.nl_zh" unpack="false" version="4.19.0.v20210630075054" download-size="1513" install-size="1513" />
	<plugin fragment="true" id="org.eclipse.e4.tools.nl_zh" unpack="false" version="4.19.0.v20210630075054" download-size="3066" install-size="3066" />
	<plugin fragment="true" id="org.eclipse.e4.tools.services.nl_zh" unpack="false" version="4.19.0.v20210630075054" download-size="2760" install-size="2760" />
	<plugin fragment="true" id="org.eclipse.e4.ui.bindings.nl_zh" unpack="false" version="4.19.0.v20210630075054" download-size="1505" install-size="1505" />
	<plugin fragment="true" id="org.eclipse.e4.ui.css.core.nl_zh" unpack="false" version="4.19.0.v20210630075054" download-size="1576" install-size="1576" />
	<plugin fragment="true" id="org.eclipse.e4.ui.css.swt.nl_zh" unpack="false" version="4.19.0.v20210630075054" download-size="1500" install-size="1500" />
	<plugin fragment="true" id="org.eclipse.e4.ui.css.swt.theme.nl_zh" unpack="false" version="4.19.0.v20210630075054" download-size="1535" install-size="1535" />
	<plugin fragment="true" id="org.eclipse.e4.ui.di.nl_zh" unpack="false" version="4.19.0.v20210630075054" download-size="1509" install-size="1509" />
	<plugin fragment="true" id="org.eclipse.e4.ui.dialogs.nl_zh" unpack="false" version="4.19.0.v20210630075054" download-size="2757" install-size="2757" />
	<plugin fragment="true" id="org.eclipse.e4.ui.ide.nl_zh" unpack="false" version="4.19.0.v20210630075054" download-size="1693" install-size="1693" />
	<plugin fragment="true" id="org.eclipse.e4.ui.model.workbench.nl_zh" unpack="false" version="4.19.0.v20210630075054" download-size="1574" install-size="1574" />
	<plugin fragment="true" id="org.eclipse.e4.ui.progress.nl_zh" unpack="false" version="4.19.0.v20210630075054" download-size="3954" install-size="3954" />
	<plugin fragment="true" id="org.eclipse.e4.ui.services.nl_zh" unpack="false" version="4.19.0.v20210630075054" download-size="1515" install-size="1515" />
	<plugin fragment="true" id="org.eclipse.e4.ui.swt.gtk.nl_zh" unpack="false" version="4.19.0.v20210630075054" download-size="1510" install-size="1510" />
	<plugin fragment="true" id="org.eclipse.e4.ui.swt.win32.nl_zh" unpack="false" version="4.19.0.v20210630075054" download-size="1513" install-size="1513" />
	<plugin fragment="true" id="org.eclipse.e4.ui.widgets.nl_zh" unpack="false" version="4.19.0.v20210630075054" download-size="1517" install-size="1517" />
	<plugin fragment="true" id="org.eclipse.e4.ui.workbench.addons.swt.nl_zh" unpack="false" version="4.19.0.v20210630075054" download-size="2921" install-size="2921" />
	<plugin fragment="true" id="org.eclipse.e4.ui.workbench.nl_zh" unpack="false" version="4.19.0.v20210630075054" download-size="1593" install-size="1593" />
	<plugin fragment="true" id="org.eclipse.e4.ui.workbench.renderers.swt.cocoa.nl_zh" unpack="false" version="4.19.0.v20210630075054" download-size="3216" install-size="3216" />
	<plugin fragment="true" id="org.eclipse.e4.ui.workbench.renderers.swt.nl_zh" unpack="false" version="4.19.0.v20210630075054" download-size="3931" install-size="3931" />
	<plugin fragment="true" id="org.eclipse.e4.ui.workbench.swt.nl_zh" unpack="false" version="4.19.0.v20210630075054" download-size="4488" install-size="4488" />
	<plugin fragment="true" id="org.eclipse.e4.ui.workbench3.nl_zh" unpack="false" version="4.19.0.v20210630075054" download-size="1528" install-size="1528" />
	<plugin fragment="true" id="org.eclipse.equinox.app.nl_zh" unpack="false" version="4.19.0.v20210630075054" download-size="3033" install-size="3033" />
	<plugin fragment="true" id="org.eclipse.equinox.bidi.nl_zh" unpack="false" version="4.19.0.v20210630075054" download-size="1753" install-size="1753" />
	<plugin fragment="true" id="org.eclipse.equinox.cm.nl_zh" unpack="false" version="4.19.0.v20210630075054" download-size="1506" install-size="1506" />
	<plugin fragment="true" id="org.eclipse.equinox.common.nl_zh" unpack="false" version="4.19.0.v20210630075054" download-size="3346" install-size="3346" />
	<plugin fragment="true" id="org.eclipse.equinox.concurrent.nl_zh" unpack="false" version="4.19.0.v20210630075054" download-size="1479" install-size="1479" />
	<plugin fragment="true" id="org.eclipse.equinox.console.jaas.fragment.nl_zh" unpack="false" version="4.19.0.v20210630075054" download-size="1483" install-size="1483" />
	<plugin fragment="true" id="org.eclipse.equinox.console.nl_zh" unpack="false" version="4.19.0.v20210630075054" download-size="3828" install-size="3828" />
	<plugin fragment="true" id="org.eclipse.equinox.console.ssh.nl_zh" unpack="false" version="4.19.0.v20210630075054" download-size="1481" install-size="1481" />
	<plugin fragment="true" id="org.eclipse.equinox.coordinator.nl_zh" unpack="false" version="4.19.0.v20210630075054" download-size="2299" install-size="2299" />
	<plugin fragment="true" id="org.eclipse.equinox.device.nl_zh" unpack="false" version="4.19.0.v20210630075054" download-size="3203" install-size="3203" />
	<plugin fragment="true" id="org.eclipse.equinox.event.nl_zh" unpack="false" version="4.19.0.v20210630075054" download-size="3034" install-size="3034" />
	<plugin fragment="true" id="org.eclipse.equinox.frameworkadmin.equinox.nl_zh" unpack="false" version="4.19.0.v20210630075054" download-size="3563" install-size="3563" />
	<plugin fragment="true" id="org.eclipse.equinox.frameworkadmin.nl_zh" unpack="false" version="4.19.0.v20210630075054" download-size="1519" install-size="1519" />
	<plugin fragment="true" id="org.eclipse.equinox.http.jetty.nl_zh" unpack="false" version="4.19.0.v20210630075054" download-size="1573" install-size="1573" />
	<plugin fragment="true" id="org.eclipse.equinox.http.jetty.starter.nl_zh" unpack="false" version="4.19.0.v20210630075054" download-size="1483" install-size="1483" />
	<plugin fragment="true" id="org.eclipse.equinox.http.registry.nl_zh" unpack="false" version="4.19.0.v20210630075054" download-size="1568" install-size="1568" />
	<plugin fragment="true" id="org.eclipse.equinox.http.servlet.nl_zh" unpack="false" version="4.19.0.v20210630075054" download-size="1513" install-size="1513" />
	<plugin fragment="true" id="org.eclipse.equinox.http.servletbridge.nl_zh" unpack="false" version="4.19.0.v20210630075054" download-size="1522" install-size="1522" />
	<plugin fragment="true" id="org.eclipse.equinox.io.nl_zh" unpack="false" version="4.19.0.v20210630075054" download-size="1474" install-size="1474" />
	<plugin fragment="true" id="org.eclipse.equinox.ip.nl_zh" unpack="false" version="4.19.0.v20210630075054" download-size="1474" install-size="1474" />
	<plugin fragment="true" id="org.eclipse.equinox.jsp.jasper.nl_zh" unpack="false" version="4.19.0.v20210630075054" download-size="1478" install-size="1478" />
	<plugin fragment="true" id="org.eclipse.equinox.jsp.jasper.registry.nl_zh" unpack="false" version="4.19.0.v20210630075054" download-size="1486" install-size="1486" />
	<plugin fragment="true" id="org.eclipse.equinox.launcher.cocoa.macosx.arm64.nl_zh" unpack="false" version="4.19.0.v20210630075054" download-size="1536" install-size="1536" />
	<plugin fragment="true" id="org.eclipse.equinox.launcher.cocoa.macosx.x86_64.nl_zh" unpack="false" version="4.19.0.v20210630075054" download-size="1634" install-size="1634" />
	<plugin fragment="true" id="org.eclipse.equinox.launcher.gtk.linux.aarch64.nl_zh" unpack="false" version="4.19.0.v20210630075054" download-size="1530" install-size="1530" />
	<plugin fragment="true" id="org.eclipse.equinox.launcher.gtk.linux.ppc64le.nl_zh" unpack="false" version="4.19.0.v20210630075054" download-size="1533" install-size="1533" />
	<plugin fragment="true" id="org.eclipse.equinox.launcher.gtk.linux.x86_64.nl_zh" unpack="false" version="4.19.0.v20210630075054" download-size="1626" install-size="1626" />
	<plugin fragment="true" id="org.eclipse.equinox.launcher.nl_zh" unpack="false" version="4.19.0.v20210630075054" download-size="1516" install-size="1516" />
	<plugin fragment="true" id="org.eclipse.equinox.launcher.win32.win32.x86_64.nl_zh" unpack="false" version="4.19.0.v20210630075054" download-size="1628" install-size="1628" />
	<plugin fragment="true" id="org.eclipse.equinox.log.stream.nl_zh" unpack="false" version="4.19.0.v20210630075054" download-size="1478" install-size="1478" />
	<plugin fragment="true" id="org.eclipse.equinox.metatype.nl_zh" unpack="false" version="4.19.0.v20210630075054" download-size="2823" install-size="2823" />
	<plugin fragment="true" id="org.eclipse.equinox.p2.artifact.checksums.bouncycastle.nl_zh" unpack="false" version="4.19.0.v20210630075054" download-size="1499" install-size="1499" />
	<plugin fragment="true" id="org.eclipse.equinox.p2.artifact.optimizers.nl_zh" unpack="false" version="4.19.0.v20210630075054" download-size="3015" install-size="3015" />
	<plugin fragment="true" id="org.eclipse.equinox.p2.artifact.processors.nl_zh" unpack="false" version="4.19.0.v20210630075054" download-size="1490" install-size="1490" />
	<plugin fragment="true" id="org.eclipse.equinox.p2.artifact.repository.nl_zh" unpack="false" version="4.19.0.v20210630075054" download-size="5976" install-size="5976" />
	<plugin fragment="true" id="org.eclipse.equinox.p2.console.nl_zh" unpack="false" version="4.19.0.v20210630075054" download-size="2747" install-size="2747" />
	<plugin fragment="true" id="org.eclipse.equinox.p2.core.nl_zh" unpack="false" version="4.19.0.v20210630075054" download-size="2755" install-size="2755" />
	<plugin fragment="true" id="org.eclipse.equinox.p2.director.app.nl_zh" unpack="false" version="4.19.0.v20210630075054" download-size="3063" install-size="3063" />
	<plugin fragment="true" id="org.eclipse.equinox.p2.director.nl_zh" unpack="false" version="4.19.0.v20210630075054" download-size="2699" install-size="2699" />
	<plugin fragment="true" id="org.eclipse.equinox.p2.directorywatcher.nl_zh" unpack="false" version="4.19.0.v20210630075054" download-size="3090" install-size="3090" />
	<plugin fragment="true" id="org.eclipse.equinox.p2.discovery.compatibility.nl_zh" unpack="false" version="4.19.0.v20210630075054" download-size="3024" install-size="3024" />
	<plugin fragment="true" id="org.eclipse.equinox.p2.discovery.nl_zh" unpack="false" version="4.19.0.v20210630075054" download-size="3629" install-size="3629" />
	<plugin fragment="true" id="org.eclipse.equinox.p2.engine.nl_zh" unpack="false" version="4.19.0.v20210630075054" download-size="2752" install-size="2752" />
	<plugin fragment="true" id="org.eclipse.equinox.p2.examples.rcp.cloud.nl_zh" unpack="false" version="4.19.0.v20210630075054" download-size="1600" install-size="1600" />
	<plugin fragment="true" id="org.eclipse.equinox.p2.examples.rcp.discovery.nl_zh" unpack="false" version="4.19.0.v20210630075054" download-size="1602" install-size="1602" />
	<plugin fragment="true" id="org.eclipse.equinox.p2.examples.rcp.sdkbundlevisibility.nl_zh" unpack="false" version="4.19.0.v20210630075054" download-size="3521" install-size="3521" />
	<plugin fragment="true" id="org.eclipse.equinox.p2.extensionlocation.nl_zh" unpack="false" version="4.19.0.v20210630075054" download-size="2845" install-size="2845" />
	<plugin fragment="true" id="org.eclipse.equinox.p2.garbagecollector.nl_zh" unpack="false" version="4.19.0.v20210630075054" download-size="2606" install-size="2606" />
	<plugin fragment="true" id="org.eclipse.equinox.p2.installer.nl_zh" unpack="false" version="4.19.0.v20210630075054" download-size="3088" install-size="3088" />
	<plugin fragment="true" id="org.eclipse.equinox.p2.jarprocessor.nl_zh" unpack="false" version="4.19.0.v20210630075054" download-size="1485" install-size="1485" />
	<plugin fragment="true" id="org.eclipse.equinox.p2.metadata.nl_zh" unpack="false" version="4.19.0.v20210630075054" download-size="2976" install-size="2976" />
	<plugin fragment="true" id="org.eclipse.equinox.p2.metadata.repository.nl_zh" unpack="false" version="4.19.0.v20210630075054" download-size="3006" install-size="3006" />
	<plugin fragment="true" id="org.eclipse.equinox.p2.operations.nl_zh" unpack="false" version="4.19.0.v20210630075054" download-size="2980" install-size="2980" />
	<plugin fragment="true" id="org.eclipse.equinox.p2.publisher.eclipse.nl_zh" unpack="false" version="4.19.0.v20210630075054" download-size="3684" install-size="3684" />
	<plugin fragment="true" id="org.eclipse.equinox.p2.publisher.nl_zh" unpack="false" version="4.19.0.v20210630075054" download-size="1480" install-size="1480" />
	<plugin fragment="true" id="org.eclipse.equinox.p2.reconciler.dropins.nl_zh" unpack="false" version="4.19.0.v20210630075054" download-size="3086" install-size="3086" />
	<plugin fragment="true" id="org.eclipse.equinox.p2.repository.nl_zh" unpack="false" version="4.19.0.v20210630075054" download-size="4954" install-size="4954" />
	<plugin fragment="true" id="org.eclipse.equinox.p2.repository.tools.nl_zh" unpack="false" version="4.19.0.v20210630075054" download-size="4868" install-size="4868" />
	<plugin fragment="true" id="org.eclipse.equinox.p2.tests.discovery.nl_zh" unpack="false" version="4.19.0.v20210630075054" download-size="1612" install-size="1612" />
	<plugin fragment="true" id="org.eclipse.equinox.p2.tests.ui.nl_zh" unpack="false" version="4.19.0.v20210630075054" download-size="1479" install-size="1479" />
	<plugin fragment="true" id="org.eclipse.equinox.p2.tests.verifier.nl_zh" unpack="false" version="4.19.0.v20210630075054" download-size="4878" install-size="4878" />
	<plugin fragment="true" id="org.eclipse.equinox.p2.touchpoint.eclipse.nl_zh" unpack="false" version="4.19.0.v20210630075054" download-size="4049" install-size="4049" />
	<plugin fragment="true" id="org.eclipse.equinox.p2.touchpoint.natives.nl_zh" unpack="false" version="4.19.0.v20210630075054" download-size="3340" install-size="3340" />
	<plugin fragment="true" id="org.eclipse.equinox.p2.transport.ecf.nl_zh" unpack="false" version="4.19.0.v20210630075054" download-size="3653" install-size="3653" />
	<plugin fragment="true" id="org.eclipse.equinox.p2.ui.admin.nl_zh" unpack="false" version="4.19.0.v20210630075054" download-size="3029" install-size="3029" />
	<plugin fragment="true" id="org.eclipse.equinox.p2.ui.admin.rcp.nl_zh" unpack="false" version="4.19.0.v20210630075054" download-size="3106" install-size="3106" />
	<plugin fragment="true" id="org.eclipse.equinox.p2.ui.discovery.nl_zh" unpack="false" version="4.19.0.v20210630075054" download-size="4810" install-size="4810" />
	<plugin fragment="true" id="org.eclipse.equinox.p2.ui.importexport.nl_zh" unpack="false" version="4.19.0.v20210630075054" download-size="3259" install-size="3259" />
	<plugin fragment="true" id="org.eclipse.equinox.p2.ui.nl_zh" unpack="false" version="4.19.0.v20210630075054" download-size="4705" install-size="4705" />
	<plugin fragment="true" id="org.eclipse.equinox.p2.ui.sdk.nl_zh" unpack="false" version="4.19.0.v20210630075054" download-size="3728" install-size="3728" />
	<plugin fragment="true" id="org.eclipse.equinox.p2.ui.sdk.scheduler.nl_zh" unpack="false" version="4.19.0.v20210630075054" download-size="4561" install-size="4561" />
	<plugin fragment="true" id="org.eclipse.equinox.p2.updatechecker.nl_zh" unpack="false" version="4.19.0.v20210630075054" download-size="1482" install-size="1482" />
	<plugin fragment="true" id="org.eclipse.equinox.p2.updatesite.nl_zh" unpack="false" version="4.19.0.v20210630075054" download-size="3000" install-size="3000" />
	<plugin fragment="true" id="org.eclipse.equinox.preferences.nl_zh" unpack="false" version="4.19.0.v20210630075054" download-size="3265" install-size="3265" />
	<plugin fragment="true" id="org.eclipse.equinox.region.nl_zh" unpack="false" version="4.19.0.v20210630075054" download-size="1702" install-size="1702" />
	<plugin fragment="true" id="org.eclipse.equinox.registry.nl_zh" unpack="false" version="4.19.0.v20210630075054" download-size="3766" install-size="3766" />
	<plugin fragment="true" id="org.eclipse.equinox.security.linux.nl_zh" unpack="false" version="4.19.0.v20210630075054" download-size="1512" install-size="1512" />
	<plugin fragment="true" id="org.eclipse.equinox.security.linux.x86_64.nl_zh" unpack="false" version="4.19.0.v20210630075054" download-size="1532" install-size="1532" />
	<plugin fragment="true" id="org.eclipse.equinox.security.macosx.nl_zh" unpack="false" version="4.19.0.v20210630075054" download-size="1514" install-size="1514" />
	<plugin fragment="true" id="org.eclipse.equinox.security.nl_zh" unpack="false" version="4.19.0.v20210630075054" download-size="5055" install-size="5055" />
	<plugin fragment="true" id="org.eclipse.equinox.security.ui.nl_zh" unpack="false" version="4.19.0.v20210630075054" download-size="7954" install-size="7954" />
	<plugin fragment="true" id="org.eclipse.equinox.security.win32.x86_64.nl_zh" unpack="false" version="4.19.0.v20210630075054" download-size="1533" install-size="1533" />
	<plugin fragment="true" id="org.eclipse.equinox.servletbridge.nl_zh" unpack="false" version="4.19.0.v20210630075054" download-size="1503" install-size="1503" />
	<plugin fragment="true" id="org.eclipse.equinox.simpleconfigurator.manipulator.nl_zh" unpack="false" version="4.19.0.v20210630075054" download-size="1547" install-size="1547" />
	<plugin fragment="true" id="org.eclipse.equinox.simpleconfigurator.nl_zh" unpack="false" version="4.19.0.v20210630075054" download-size="1525" install-size="1525" />
	<plugin fragment="true" id="org.eclipse.equinox.transforms.hook.nl_zh" unpack="false" version="4.19.0.v20210630075054" download-size="1497" install-size="1497" />
	<plugin fragment="true" id="org.eclipse.equinox.transforms.xslt.nl_zh" unpack="false" version="4.19.0.v20210630075054" download-size="1531" install-size="1531" />
	<plugin fragment="true" id="org.eclipse.equinox.useradmin.nl_zh" unpack="false" version="4.19.0.v20210630075054" download-size="3341" install-size="3341" />
	<plugin fragment="true" id="org.eclipse.equinox.util.nl_zh" unpack="false" version="4.19.0.v20210630075054" download-size="1475" install-size="1475" />
	<plugin fragment="true" id="org.eclipse.equinox.wireadmin.nl_zh" unpack="false" version="4.19.0.v20210630075054" download-size="1478" install-size="1478" />
	<plugin fragment="true" id="org.eclipse.help.base.nl_zh" unpack="false" version="4.19.0.v20210630075054" download-size="4004" install-size="4004" />
	<plugin fragment="true" id="org.eclipse.help.nl_zh" unpack="false" version="4.19.0.v20210630075054" download-size="1638" install-size="1638" />
	<plugin fragment="true" id="org.eclipse.help.ui.nl_zh" unpack="false" version="4.19.0.v20210630075054" download-size="6552" install-size="6552" />
	<plugin fragment="true" id="org.eclipse.help.webapp.nl_zh" unpack="false" version="4.19.0.v20210630075054" download-size="4985" install-size="4985" />
	<plugin fragment="true" id="org.eclipse.jdt.annotation.nl_zh" unpack="false" version="4.19.0.v20210630075054" download-size="1525" install-size="1525" />
	<plugin fragment="true" id="org.eclipse.jdt.annotation_v1.nl_zh" unpack="false" version="4.19.0.v20210630075054" download-size="1528" install-size="1528" />
	<plugin fragment="true" id="org.eclipse.jdt.apt.core.nl_zh" unpack="false" version="4.19.0.v20210630075054" download-size="4038" install-size="4038" />
	<plugin fragment="true" id="org.eclipse.jdt.apt.pluggable.core.nl_zh" unpack="false" version="4.19.0.v20210630075054" download-size="1566" install-size="1566" />
	<plugin fragment="true" id="org.eclipse.jdt.apt.ui.nl_zh" unpack="false" version="4.19.0.v20210630075054" download-size="4725" install-size="4725" />
	<plugin fragment="true" id="org.eclipse.jdt.astview.nl_zh" unpack="false" version="4.19.0.v20210630075054" download-size="1518" install-size="1518" />
	<plugin fragment="true" id="org.eclipse.jdt.compiler.apt.nl_zh" unpack="false" version="4.19.0.v20210630075054" download-size="1536" install-size="1536" />
	<plugin fragment="true" id="org.eclipse.jdt.compiler.tool.nl_zh" unpack="false" version="4.19.0.v20210630075054" download-size="1549" install-size="1549" />
	<plugin fragment="true" id="org.eclipse.jdt.core.formatterapp.nl_zh" unpack="false" version="4.19.0.v20210630075054" download-size="1476" install-size="1476" />
	<plugin fragment="true" id="org.eclipse.jdt.core.manipulation.nl_zh" unpack="false" version="4.19.0.v20210630075054" download-size="50969" install-size="50969" />
	<plugin fragment="true" id="org.eclipse.jdt.core.nl_zh" unpack="false" version="4.19.0.v20210630075054" download-size="28403" install-size="28403" />
	<plugin fragment="true" id="org.eclipse.jdt.core.tests.builder.nl_zh" unpack="false" version="4.19.0.v20210630075054" download-size="1513" install-size="1513" />
	<plugin fragment="true" id="org.eclipse.jdt.core.tests.compiler.nl_zh" unpack="false" version="4.19.0.v20210630075054" download-size="1513" install-size="1513" />
	<plugin fragment="true" id="org.eclipse.jdt.core.tests.model.nl_zh" unpack="false" version="4.19.0.v20210630075054" download-size="11469" install-size="11469" />
	<plugin fragment="true" id="org.eclipse.jdt.core.tests.performance.nl_zh" unpack="false" version="4.19.0.v20210630075054" download-size="1524" install-size="1524" />
	<plugin fragment="true" id="org.eclipse.jdt.debug.nl_zh" unpack="false" version="4.19.0.v20210630075054" download-size="23422" install-size="23422" />
	<plugin fragment="true" id="org.eclipse.jdt.debug.ui.nl_zh" unpack="false" version="4.19.0.v20210630075054" download-size="33786" install-size="33786" />
	<plugin fragment="true" id="org.eclipse.jdt.doc.isv.nl_zh" unpack="false" version="4.19.0.v20210630075054" download-size="1518" install-size="1518" />
	<plugin fragment="true" id="org.eclipse.jdt.doc.user.nl_zh" unpack="false" version="4.19.0.v20210630075054" download-size="1516" install-size="1516" />
	<plugin fragment="true" id="org.eclipse.jdt.jeview.nl_zh" unpack="false" version="4.19.0.v20210630075054" download-size="1507" install-size="1507" />
	<plugin fragment="true" id="org.eclipse.jdt.junit.core.nl_zh" unpack="false" version="4.19.0.v20210630075054" download-size="4582" install-size="4582" />
	<plugin fragment="true" id="org.eclipse.jdt.junit.nl_zh" unpack="false" version="4.19.0.v20210630075054" download-size="10914" install-size="10914" />
	<plugin fragment="true" id="org.eclipse.jdt.junit.runtime.nl_zh" unpack="false" version="4.19.0.v20210630075054" download-size="3093" install-size="3093" />
	<plugin fragment="true" id="org.eclipse.jdt.junit4.runtime.nl_zh" unpack="false" version="4.19.0.v20210630075054" download-size="1532" install-size="1532" />
	<plugin fragment="true" id="org.eclipse.jdt.junit5.runtime.nl_zh" unpack="false" version="4.19.0.v20210630075054" download-size="1532" install-size="1532" />
	<plugin fragment="true" id="org.eclipse.jdt.launching.macosx.nl_zh" unpack="false" version="4.19.0.v20210630075054" download-size="2741" install-size="2741" />
	<plugin fragment="true" id="org.eclipse.jdt.launching.nl_zh" unpack="false" version="4.19.0.v20210630075054" download-size="7983" install-size="7983" />
	<plugin fragment="true" id="org.eclipse.jdt.launching.ui.macosx.nl_zh" unpack="false" version="4.19.0.v20210630075054" download-size="3351" install-size="3351" />
	<plugin fragment="true" id="org.eclipse.jdt.nl_zh" unpack="false" version="4.19.0.v20210630075054" download-size="1680" install-size="1680" />
	<plugin fragment="true" id="org.eclipse.jdt.tips.user.nl_zh" unpack="false" version="4.19.0.v20210630075054" download-size="2348" install-size="2348" />
	<plugin fragment="true" id="org.eclipse.jdt.ui.examples.javafamily.nl_zh" unpack="false" version="4.19.0.v20210630075054" download-size="3039" install-size="3039" />
	<plugin fragment="true" id="org.eclipse.jdt.ui.examples.projects.nl_zh" unpack="false" version="4.19.0.v20210630075054" download-size="2935" install-size="2935" />
	<plugin fragment="true" id="org.eclipse.jdt.ui.nl_zh" unpack="false" version="4.19.0.v20210630075054" download-size="138636" install-size="138636" />
	<plugin fragment="true" id="org.eclipse.jdt.ui.tests.refactoring.nl_zh" unpack="false" version="4.19.0.v20210630075054" download-size="1519" install-size="1519" />
	<plugin fragment="true" id="org.eclipse.jdt.ui.unittest.junit.nl_zh" unpack="false" version="4.19.0.v20210630075054" download-size="5030" install-size="5030" />
	<plugin fragment="true" id="org.eclipse.jface.databinding.nl_zh" unpack="false" version="4.19.0.v20210630075054" download-size="1533" install-size="1533" />
	<plugin fragment="true" id="org.eclipse.jface.examples.databinding.nl_zh" unpack="false" version="4.19.0.v20210630075054" download-size="1524" install-size="1524" />
	<plugin fragment="true" id="org.eclipse.jface.nl_zh" unpack="false" version="4.19.0.v20210630075054" download-size="6579" install-size="6579" />
	<plugin fragment="true" id="org.eclipse.jface.notifications.nl_zh" unpack="false" version="4.19.0.v20210630075054" download-size="2453" install-size="2453" />
	<plugin fragment="true" id="org.eclipse.jface.tests.databinding.conformance.nl_zh" unpack="false" version="4.19.0.v20210630075054" download-size="1552" install-size="1552" />
	<plugin fragment="true" id="org.eclipse.jface.tests.databinding.nl_zh" unpack="false" version="4.19.0.v20210630075054" download-size="1522" install-size="1522" />
	<plugin fragment="true" id="org.eclipse.jface.text.nl_zh" unpack="false" version="4.19.0.v20210630075054" download-size="12261" install-size="12261" />
	<plugin fragment="true" id="org.eclipse.jsch.core.nl_zh" unpack="false" version="4.19.0.v20210630075054" download-size="2638" install-size="2638" />
	<plugin fragment="true" id="org.eclipse.jsch.ui.nl_zh" unpack="false" version="4.19.0.v20210630075054" download-size="4209" install-size="4209" />
	<plugin fragment="true" id="org.eclipse.ltk.core.refactoring.nl_zh" unpack="false" version="4.19.0.v20210630075054" download-size="5783" install-size="5783" />
	<plugin fragment="true" id="org.eclipse.ltk.ui.refactoring.nl_zh" unpack="false" version="4.19.0.v20210630075054" download-size="8610" install-size="8610" />
	<plugin fragment="true" id="org.eclipse.newMultiEditor.nl_zh" unpack="false" version="4.19.0.v20210630075054" download-size="1523" install-size="1523" />
	<plugin fragment="true" id="org.eclipse.osgi.compatibility.state.nl_zh" unpack="false" version="4.19.0.v20210630075054" download-size="3223" install-size="3223" />
	<plugin fragment="true" id="org.eclipse.osgi.nl_zh" unpack="false" version="4.19.0.v20210630075054" download-size="6111" install-size="6111" />
	<plugin fragment="true" id="org.eclipse.osgi.services.nl_zh" unpack="false" version="4.19.0.v20210630075054" download-size="1549" install-size="1549" />
	<plugin fragment="true" id="org.eclipse.osgi.util.nl_zh" unpack="false" version="4.19.0.v20210630075054" download-size="1546" install-size="1546" />
	<plugin fragment="true" id="org.eclipse.pde.api.tools.annotations.nl_zh" unpack="false" version="4.19.0.v20210630075054" download-size="1704" install-size="1704" />
	<plugin fragment="true" id="org.eclipse.pde.api.tools.ee.cdcfoundation10.nl_zh" unpack="false" version="4.19.0.v20210630075054" download-size="1576" install-size="1576" />
	<plugin fragment="true" id="org.eclipse.pde.api.tools.ee.cdcfoundation11.nl_zh" unpack="false" version="4.19.0.v20210630075054" download-size="1577" install-size="1577" />
	<plugin fragment="true" id="org.eclipse.pde.api.tools.ee.osgiminimum10.nl_zh" unpack="false" version="4.19.0.v20210630075054" download-size="1509" install-size="1509" />
	<plugin fragment="true" id="org.eclipse.pde.api.tools.ee.osgiminimum11.nl_zh" unpack="false" version="4.19.0.v20210630075054" download-size="1508" install-size="1508" />
	<plugin fragment="true" id="org.eclipse.pde.api.tools.ee.osgiminimum12.nl_zh" unpack="false" version="4.19.0.v20210630075054" download-size="1509" install-size="1509" />
	<plugin fragment="true" id="org.eclipse.pde.api.tools.nl_zh" unpack="false" version="4.19.0.v20210630075054" download-size="15748" install-size="15748" />
	<plugin fragment="true" id="org.eclipse.pde.api.tools.ui.nl_zh" unpack="false" version="4.19.0.v20210630075054" download-size="13586" install-size="13586" />
	<plugin fragment="true" id="org.eclipse.pde.build.nl_zh" unpack="false" version="4.19.0.v20210630075054" download-size="6291" install-size="6291" />
	<plugin fragment="true" id="org.eclipse.pde.core.nl_zh" unpack="false" version="4.19.0.v20210630075054" download-size="11170" install-size="11170" />
	<plugin fragment="true" id="org.eclipse.pde.doc.user.nl_zh" unpack="false" version="4.19.0.v20210630075054" download-size="1504" install-size="1504" />
	<plugin fragment="true" id="org.eclipse.pde.ds.annotations.nl_zh" unpack="false" version="4.19.0.v20210630075054" download-size="2888" install-size="2888" />
	<plugin fragment="true" id="org.eclipse.pde.ds.core.nl_zh" unpack="false" version="4.19.0.v20210630075054" download-size="2896" install-size="2896" />
	<plugin fragment="true" id="org.eclipse.pde.ds.lib.nl_zh" unpack="false" version="4.19.0.v20210630075054" download-size="1694" install-size="1694" />
	<plugin fragment="true" id="org.eclipse.pde.ds.ui.nl_zh" unpack="false" version="4.19.0.v20210630075054" download-size="3240" install-size="3240" />
	<plugin fragment="true" id="org.eclipse.pde.ds1_2.lib.nl_zh" unpack="false" version="4.19.0.v20210630075054" download-size="1695" install-size="1695" />
	<plugin fragment="true" id="org.eclipse.pde.genericeditor.extension.nl_zh" unpack="false" version="4.19.0.v20210630075054" download-size="1576" install-size="1576" />
	<plugin fragment="true" id="org.eclipse.pde.junit.runtime.nl_zh" unpack="false" version="4.19.0.v20210630075054" download-size="1512" install-size="1512" />
	<plugin fragment="true" id="org.eclipse.pde.launching.nl_zh" unpack="false" version="4.19.0.v20210630075054" download-size="3353" install-size="3353" />
	<plugin fragment="true" id="org.eclipse.pde.nl_zh" unpack="false" version="4.19.0.v20210630075054" download-size="2354" install-size="2354" />
	<plugin fragment="true" id="org.eclipse.pde.runtime.nl_zh" unpack="false" version="4.19.0.v20210630075054" download-size="3819" install-size="3819" />
	<plugin fragment="true" id="org.eclipse.pde.ua.core.nl_zh" unpack="false" version="4.19.0.v20210630075054" download-size="1572" install-size="1572" />
	<plugin fragment="true" id="org.eclipse.pde.ua.ui.nl_zh" unpack="false" version="4.19.0.v20210630075054" download-size="16190" install-size="16190" />
	<plugin fragment="true" id="org.eclipse.pde.ui.nl_zh" unpack="false" version="4.19.0.v20210630075054" download-size="40593" install-size="40593" />
	<plugin fragment="true" id="org.eclipse.pde.ui.templates.nl_zh" unpack="false" version="4.19.0.v20210630075054" download-size="9303" install-size="9303" />
	<plugin fragment="true" id="org.eclipse.platform.doc.isv.nl_zh" unpack="false" version="4.19.0.v20210630075054" download-size="1524" install-size="1524" />
	<plugin fragment="true" id="org.eclipse.platform.doc.user.nl_zh" unpack="false" version="4.19.0.v20210630075054" download-size="1494" install-size="1494" />
	<plugin fragment="true" id="org.eclipse.platform.nl_zh" unpack="false" version="4.19.0.v20210630075054" download-size="3800" install-size="3800" />
	<plugin fragment="true" id="org.eclipse.sdk.nl_zh" unpack="false" version="4.19.0.v20210630075054" download-size="2926" install-size="2926" />
	<plugin fragment="true" id="org.eclipse.search.nl_zh" unpack="false" version="4.19.0.v20210630075054" download-size="9141" install-size="9141" />
	<plugin fragment="true" id="org.eclipse.swt.examples.browser.demos.nl_zh" unpack="false" version="4.19.0.v20210630075054" download-size="2242" install-size="2242" />
	<plugin fragment="true" id="org.eclipse.swt.examples.launcher.nl_zh" unpack="false" version="4.19.0.v20210630075054" download-size="2320" install-size="2320" />
	<plugin fragment="true" id="org.eclipse.swt.examples.nl_zh" unpack="false" version="4.19.0.v20210630075054" download-size="19967" install-size="19967" />
	<plugin fragment="true" id="org.eclipse.swt.examples.ole.win32.nl_zh" unpack="false" version="4.19.0.v20210630075054" download-size="2507" install-size="2507" />
	<plugin fragment="true" id="org.eclipse.swt.examples.views.nl_zh" unpack="false" version="4.19.0.v20210630075054" download-size="2587" install-size="2587" />
	<plugin fragment="true" id="org.eclipse.swt.fragments.localbuild.nl_zh" unpack="false" version="4.19.0.v20210630075054" download-size="1472" install-size="1472" />
	<plugin fragment="true" id="org.eclipse.swt.internal.accessibility.gtk.properties.nl_zh" unpack="false" version="4.19.0.v20210630075054" download-size="2189" install-size="2189" />
	<plugin fragment="true" id="org.eclipse.swt.nl_zh" unpack="false" version="4.19.0.v20210630075054" download-size="3427" install-size="3427" />
	<plugin fragment="true" id="org.eclipse.swt.opengl.examples.nl_zh" unpack="false" version="4.19.0.v20210630075054" download-size="1960" install-size="1960" />
	<plugin fragment="true" id="org.eclipse.swt.snippets.nl_zh" unpack="false" version="4.19.0.v20210630075054" download-size="1504" install-size="1504" />
	<plugin fragment="true" id="org.eclipse.swt.tools.base.nl_zh" unpack="false" version="4.19.0.v20210630075054" download-size="1514" install-size="1514" />
	<plugin fragment="true" id="org.eclipse.swt.tools.nl_zh" unpack="false" version="4.19.0.v20210630075054" download-size="1572" install-size="1572" />
	<plugin fragment="true" id="org.eclipse.swt.tools.spies.nl_zh" unpack="false" version="4.19.0.v20210630075054" download-size="1539" install-size="1539" />
	<plugin fragment="true" id="org.eclipse.team.core.nl_zh" unpack="false" version="4.19.0.v20210630075054" download-size="4997" install-size="4997" />
	<plugin fragment="true" id="org.eclipse.team.cvs.core.nl_zh" unpack="false" version="4.19.0.v20210630075054" download-size="8739" install-size="8739" />
	<plugin fragment="true" id="org.eclipse.team.cvs.ssh2.nl_zh" unpack="false" version="4.19.0.v20210630075054" download-size="3813" install-size="3813" />
	<plugin fragment="true" id="org.eclipse.team.cvs.ui.nl_zh" unpack="false" version="4.19.0.v20210630075054" download-size="27519" install-size="27519" />
	<plugin fragment="true" id="org.eclipse.team.examples.filesystem.nl_zh" unpack="false" version="4.19.0.v20210630075054" download-size="3448" install-size="3448" />
	<plugin fragment="true" id="org.eclipse.team.genericeditor.diff.extension.nl_zh" unpack="false" version="4.19.0.v20210630075054" download-size="1567" install-size="1567" />
	<plugin fragment="true" id="org.eclipse.team.tests.core.nl_zh" unpack="false" version="4.19.0.v20210630075054" download-size="1470" install-size="1470" />
	<plugin fragment="true" id="org.eclipse.team.tests.cvs.core.nl_zh" unpack="false" version="4.19.0.v20210630075054" download-size="1746" install-size="1746" />
	<plugin fragment="true" id="org.eclipse.team.ui.nl_zh" unpack="false" version="4.19.0.v20210630075054" download-size="14567" install-size="14567" />
	<plugin fragment="true" id="org.eclipse.tests.urischeme.nl_zh" unpack="false" version="4.19.0.v20210630075054" download-size="1474" install-size="1474" />
	<plugin fragment="true" id="org.eclipse.text.nl_zh" unpack="false" version="4.19.0.v20210630075054" download-size="4985" install-size="4985" />
	<plugin fragment="true" id="org.eclipse.text.quicksearch.nl_zh" unpack="false" version="4.19.0.v20210630075054" download-size="2751" install-size="2751" />
	<plugin fragment="true" id="org.eclipse.tips.core.nl_zh" unpack="false" version="4.19.0.v20210630075054" download-size="2572" install-size="2572" />
	<plugin fragment="true" id="org.eclipse.tips.ide.nl_zh" unpack="false" version="4.19.0.v20210630075054" download-size="2870" install-size="2870" />
	<plugin fragment="true" id="org.eclipse.tips.json.nl_zh" unpack="false" version="4.19.0.v20210630075054" download-size="2550" install-size="2550" />
	<plugin fragment="true" id="org.eclipse.tips.ui.nl_zh" unpack="false" version="4.19.0.v20210630075054" download-size="2602" install-size="2602" />
	<plugin fragment="true" id="org.eclipse.tools.layout.spy.nl_zh" unpack="false" version="4.19.0.v20210630075054" download-size="2811" install-size="2811" />
	<plugin fragment="true" id="org.eclipse.ui.browser.nl_zh" unpack="false" version="4.19.0.v20210630075054" download-size="3871" install-size="3871" />
	<plugin fragment="true" id="org.eclipse.ui.cheatsheets.nl_zh" unpack="false" version="4.19.0.v20210630075054" download-size="6084" install-size="6084" />
	<plugin fragment="true" id="org.eclipse.ui.cocoa.nl_zh" unpack="false" version="4.19.0.v20210630075054" download-size="1543" install-size="1543" />
	<plugin fragment="true" id="org.eclipse.ui.console.nl_zh" unpack="false" version="4.19.0.v20210630075054" download-size="3807" install-size="3807" />
	<plugin fragment="true" id="org.eclipse.ui.editors.nl_zh" unpack="false" version="4.19.0.v20210630075054" download-size="15033" install-size="15033" />
	<plugin fragment="true" id="org.eclipse.ui.examples.contributions.nl_zh" unpack="false" version="4.19.0.v20210630075054" download-size="3606" install-size="3606" />
	<plugin fragment="true" id="org.eclipse.ui.examples.fieldassist.nl_zh" unpack="false" version="4.19.0.v20210630075054" download-size="3923" install-size="3923" />
	<plugin fragment="true" id="org.eclipse.ui.examples.javaeditor.nl_zh" unpack="false" version="4.19.0.v20210630075054" download-size="4368" install-size="4368" />
	<plugin fragment="true" id="org.eclipse.ui.examples.job.nl_zh" unpack="false" version="4.19.0.v20210630075054" download-size="1471" install-size="1471" />
	<plugin fragment="true" id="org.eclipse.ui.examples.multipageeditor.nl_zh" unpack="false" version="4.19.0.v20210630075054" download-size="2584" install-size="2584" />
	<plugin fragment="true" id="org.eclipse.ui.examples.navigator.nl_zh" unpack="false" version="4.19.0.v20210630075054" download-size="1544" install-size="1544" />
	<plugin fragment="true" id="org.eclipse.ui.examples.propertysheet.nl_zh" unpack="false" version="4.19.0.v20210630075054" download-size="3708" install-size="3708" />
	<plugin fragment="true" id="org.eclipse.ui.examples.readmetool.nl_zh" unpack="false" version="4.19.0.v20210630075054" download-size="4727" install-size="4727" />
	<plugin fragment="true" id="org.eclipse.ui.examples.undo.nl_zh" unpack="false" version="4.19.0.v20210630075054" download-size="2967" install-size="2967" />
	<plugin fragment="true" id="org.eclipse.ui.examples.uriSchemeHandler.nl_zh" unpack="false" version="4.19.0.v20210630075054" download-size="1485" install-size="1485" />
	<plugin fragment="true" id="org.eclipse.ui.examples.views.properties.tabbed.article.nl_zh" unpack="false" version="4.19.0.v20210630075054" download-size="1629" install-size="1629" />
	<plugin fragment="true" id="org.eclipse.ui.externaltools.nl_zh" unpack="false" version="4.19.0.v20210630075054" download-size="9005" install-size="9005" />
	<plugin fragment="true" id="org.eclipse.ui.forms.examples.nl_zh" unpack="false" version="4.19.0.v20210630075054" download-size="1557" install-size="1557" />
	<plugin fragment="true" id="org.eclipse.ui.forms.nl_zh" unpack="false" version="4.19.0.v20210630075054" download-size="2517" install-size="2517" />
	<plugin fragment="true" id="org.eclipse.ui.genericeditor.nl_zh" unpack="false" version="4.19.0.v20210630075054" download-size="2564" install-size="2564" />
	<plugin fragment="true" id="org.eclipse.ui.ide.application.nl_zh" unpack="false" version="4.19.0.v20210630075054" download-size="1911" install-size="1911" />
	<plugin fragment="true" id="org.eclipse.ui.ide.nl_zh" unpack="false" version="4.19.0.v20210630075054" download-size="39683" install-size="39683" />
	<plugin fragment="true" id="org.eclipse.ui.intro.nl_zh" unpack="false" version="4.19.0.v20210630075054" download-size="4119" install-size="4119" />
	<plugin fragment="true" id="org.eclipse.ui.intro.quicklinks.examples.nl_zh" unpack="false" version="4.19.0.v20210630075054" download-size="1735" install-size="1735" />
	<plugin fragment="true" id="org.eclipse.ui.intro.quicklinks.nl_zh" unpack="false" version="4.19.0.v20210630075054" download-size="1472" install-size="1472" />
	<plugin fragment="true" id="org.eclipse.ui.intro.universal.nl_zh" unpack="false" version="4.19.0.v20210630075054" download-size="16933" install-size="16933" />
	<plugin fragment="true" id="org.eclipse.ui.monitoring.nl_zh" unpack="false" version="4.19.0.v20210630075054" download-size="3730" install-size="3730" />
	<plugin fragment="true" id="org.eclipse.ui.navigator.nl_zh" unpack="false" version="4.19.0.v20210630075054" download-size="4432" install-size="4432" />
	<plugin fragment="true" id="org.eclipse.ui.navigator.resources.nl_zh" unpack="false" version="4.19.0.v20210630075054" download-size="4255" install-size="4255" />
	<plugin fragment="true" id="org.eclipse.ui.net.nl_zh" unpack="false" version="4.19.0.v20210630075054" download-size="2952" install-size="2952" />
	<plugin fragment="true" id="org.eclipse.ui.nl_zh" unpack="false" version="4.19.0.v20210630075054" download-size="6585" install-size="6585" />
	<plugin fragment="true" id="org.eclipse.ui.tests.navigator.nl_zh" unpack="false" version="4.19.0.v20210630075054" download-size="1610" install-size="1610" />
	<plugin fragment="true" id="org.eclipse.ui.tests.performance.nl_zh" unpack="false" version="4.19.0.v20210630075054" download-size="1471" install-size="1471" />
	<plugin fragment="true" id="org.eclipse.ui.tests.rcp.nl_zh" unpack="false" version="4.19.0.v20210630075054" download-size="1467" install-size="1467" />
	<plugin fragment="true" id="org.eclipse.ui.tests.views.properties.tabbed.nl_zh" unpack="false" version="4.19.0.v20210630075054" download-size="1649" install-size="1649" />
	<plugin fragment="true" id="org.eclipse.ui.themes.nl_zh" unpack="false" version="4.19.0.v20210630075054" download-size="1545" install-size="1545" />
	<plugin fragment="true" id="org.eclipse.ui.trace.nl_zh" unpack="false" version="4.19.0.v20210630075054" download-size="3061" install-size="3061" />
	<plugin fragment="true" id="org.eclipse.ui.views.log.nl_zh" unpack="false" version="4.19.0.v20210630075054" download-size="4090" install-size="4090" />
	<plugin fragment="true" id="org.eclipse.ui.views.nl_zh" unpack="false" version="4.19.0.v20210630075054" download-size="3462" install-size="3462" />
	<plugin fragment="true" id="org.eclipse.ui.views.properties.tabbed.nl_zh" unpack="false" version="4.19.0.v20210630075054" download-size="3300" install-size="3300" />
	<plugin fragment="true" id="org.eclipse.ui.win32.nl_zh" unpack="false" version="4.19.0.v20210630075054" download-size="2841" install-size="2841" />
	<plugin fragment="true" id="org.eclipse.ui.workbench.nl_zh" unpack="false" version="4.19.0.v20210630075054" download-size="29704" install-size="29704" />
	<plugin fragment="true" id="org.eclipse.ui.workbench.texteditor.nl_zh" unpack="false" version="4.19.0.v20210630075054" download-size="15522" install-size="15522" />
	<plugin fragment="true" id="org.eclipse.unittest.ui.nl_zh" unpack="false" version="4.19.0.v20210630075054" download-size="5068" install-size="5068" />
	<plugin fragment="true" id="org.eclipse.update.configurator.nl_zh" unpack="false" version="4.19.0.v20210630075054" download-size="3533" install-size="3533" />
	<plugin fragment="true" id="org.eclipse.urischeme.nl_zh" unpack="false" version="4.19.0.v20210630075054" download-size="1507" install-size="1507" />
</feature>