<?xml version="1.0" encoding="UTF-8"?>
<!--   
   Copyright (c) 2018, 2020, Oracle and/or its affiliates. All rights reserved.
   
   DO NOT ALTER OR REMOVE COPYRIGHT NOTICES OR THIS FILE HEADER.
   
   The contents of this file are subject to the terms of either the Universal Permissive License 
   v 1.0 as shown at http://oss.oracle.com/licenses/upl
   
   or the following license:
   
   Redistribution and use in source and binary forms, with or without modification, are permitted
   provided that the following conditions are met:
   
   1. Redistributions of source code must retain the above copyright notice, this list of conditions
   and the following disclaimer.
   
   2. Redistributions in binary form must reproduce the above copyright notice, this list of
   conditions and the following disclaimer in the documentation and/or other materials provided with
   the distribution.
   
   3. Neither the name of the copyright holder nor the names of its contributors may be used to
   endorse or promote products derived from this software without specific prior written permission.
   
   THIS SOFTWARE IS PROVIDED BY THE COPYRIGHT HOLDERS AND CONTRIBUTORS "AS IS" AND ANY EXPRESS OR
   IMPLIED WARRANTIES, INCLUDING, BUT NOT LIMITED TO, THE IMPLIED WARRANTIES OF MERCHANTABILITY AND
   FITNESS FOR A PARTICULAR PURPOSE ARE DISCLAIMED. IN NO EVENT SHALL THE COPYRIGHT HOLDER OR
   CONTRIBUTORS BE LIABLE FOR ANY DIRECT, INDIRECT, INCIDENTAL, SPECIAL, EXEMPLARY, OR CONSEQUENTIAL
   DAMAGES (INCLUDING, BUT NOT LIMITED TO, PROCUREMENT OF SUBSTITUTE GOODS OR SERVICES; LOSS OF USE,
   DATA, OR PROFITS; OR BUSINESS INTERRUPTION) HOWEVER CAUSED AND ON ANY THEORY OF LIABILITY,
   WHETHER IN CONTRACT, STRICT LIABILITY, OR TORT (INCLUDING NEGLIGENCE OR OTHERWISE) ARISING IN ANY
   WAY OUT OF THE USE OF THIS SOFTWARE, EVEN IF ADVISED OF THE POSSIBILITY OF SUCH DAMAGE.
-->
<feature
      id="org.openjdk.jmc.feature.flightrecorder"
      label="%name"
      version="8.1.0.202108230531"
      provider-name="%provider">

   <description url="%descriptionUrl">
      %description
   </description>

   <copyright>
      %copyright
   </copyright>

   <requires>
      <import feature="org.openjdk.jmc.feature.core" match="equivalent"/>
   </requires>

   <plugin
         id="org.openjdk.jmc.flightrecorder"
         download-size="508"
         install-size="1119"
         version="8.1.0.qualifier"
         unpack="false"/>

   <plugin
         id="org.openjdk.jmc.flightrecorder.ui"
         download-size="1094"
         install-size="2677"
         version="8.1.0.202108230531"
         unpack="false"/>

   <plugin
         id="org.openjdk.jmc.greychart.ui"
         download-size="63"
         install-size="121"
         version="8.1.0.202108230531"
         unpack="false"/>

   <plugin
         id="org.openjdk.jmc.flightrecorder.controlpanel.ui"
         download-size="222"
         install-size="493"
         version="8.1.0.202108230531"
         unpack="false"/>

   <plugin
         id="org.openjdk.jmc.flightrecorder.controlpanel.ui.configuration"
         download-size="71"
         install-size="147"
         version="8.1.0.202108230531"
         unpack="false"/>

   <plugin
         id="org.openjdk.jmc.flightrecorder.configuration"
         download-size="59"
         install-size="128"
         version="8.1.0.202108230531"
         unpack="false"/>

   <plugin
         id="org.openjdk.jmc.flightrecorder.rules.extensionprovider"
         download-size="8"
         install-size="12"
         version="8.1.0.202108230531"
         fragment="true"
         unpack="false"/>

   <plugin
         id="org.openjdk.jmc.flightrecorder.rules"
         download-size="161"
         install-size="357"
         version="8.1.0.qualifier"
         unpack="false"/>

   <plugin
         id="org.openjdk.jmc.flightrecorder.rules.jdk"
         download-size="451"
         install-size="1325"
         version="8.1.0.qualifier"
         unpack="false"/>
         
   <plugin
         id="org.openjdk.jmc.flightrecorder.serializers"
         download-size="28"
         install-size="62"
         version="8.1.0.qualifier"
         unpack="false"/>

   <plugin
         id="org.openjdk.jmc.rjmx.services.jfr"
         download-size="75"
         install-size="168"
         version="8.1.0.202108230531"
         unpack="false"/>

   <plugin
         id="org.owasp.encoder"
         download-size="44"
         install-size="77"
         version="1.2.3"
         unpack="false"/>

   <plugin
         id="org.lz4.lz4-java"
         download-size="639"
         install-size="1514"
         version="1.7.1"
         unpack="false"/>

   <plugin
         id="org.hdrhistogram.HdrHistogram"
         download-size="183"
         install-size="372"
         version="2.1.12"
         unpack="false"/>

   <plugin
         id="org.openjdk.jmc.flightrecorder.flameview"
         download-size="203"
         install-size="656"
         version="8.1.0.202108230531"
         unpack="false"/>

   <plugin
         id="org.openjdk.jmc.flightrecorder.graphview"
         download-size="988"
         install-size="2646"
         version="8.1.0.202108230531"
         unpack="false"/>
<license url="%licenseUrl">
      %license
   </license></feature>
