<?xml version="1.0" encoding="UTF-8" ?>
<feature
	id="org.eclipse.babel.nls_eclipse_ja"
	label="Babel Language Pack for eclipse in Japanese (91.95%)"
	image="eclipse_update_120.jpg"
	provider-name="%providerName"
	version="4.19.0.v20210630075054">
	<copyright>
		%copyright
	</copyright>
	<license url="%licenseURL">
		%license
	</license>
	<description>Babel Language Pack for eclipse in Japanese</description>
	<plugin fragment="true" id="org.eclipse.ant.core.nl_ja" unpack="false" version="4.19.0.v20210630075054" download-size="5326" install-size="5326" />
	<plugin fragment="true" id="org.eclipse.ant.launching.nl_ja" unpack="false" version="4.19.0.v20210630075054" download-size="8737" install-size="8737" />
	<plugin fragment="true" id="org.eclipse.ant.tests.core.nl_ja" unpack="false" version="4.19.0.v20210630075054" download-size="1896" install-size="1896" />
	<plugin fragment="true" id="org.eclipse.ant.tests.ui.nl_ja" unpack="false" version="4.19.0.v20210630075054" download-size="1502" install-size="1502" />
	<plugin fragment="true" id="org.eclipse.ant.ui.nl_ja" unpack="false" version="4.19.0.v20210630075054" download-size="25330" install-size="25330" />
	<plugin fragment="true" id="org.eclipse.compare.core.nl_ja" unpack="false" version="4.19.0.v20210630075054" download-size="2606" install-size="2606" />
	<plugin fragment="true" id="org.eclipse.compare.examples.nl_ja" unpack="false" version="4.19.0.v20210630075054" download-size="2481" install-size="2481" />
	<plugin fragment="true" id="org.eclipse.compare.examples.xml.nl_ja" unpack="false" version="4.19.0.v20210630075054" download-size="3849" install-size="3849" />
	<plugin fragment="true" id="org.eclipse.compare.nl_ja" unpack="false" version="4.19.0.v20210630075054" download-size="16555" install-size="16555" />
	<plugin fragment="true" id="org.eclipse.compare.win32.nl_ja" unpack="false" version="4.19.0.v20210630075054" download-size="3446" install-size="3446" />
	<plugin fragment="true" id="org.eclipse.core.commands.nl_ja" unpack="false" version="4.19.0.v20210630075054" download-size="1484" install-size="1484" />
	<plugin fragment="true" id="org.eclipse.core.contenttype.nl_ja" unpack="false" version="4.19.0.v20210630075054" download-size="2862" install-size="2862" />
	<plugin fragment="true" id="org.eclipse.core.databinding.beans.nl_ja" unpack="false" version="4.19.0.v20210630075054" download-size="1519" install-size="1519" />
	<plugin fragment="true" id="org.eclipse.core.databinding.nl_ja" unpack="false" version="4.19.0.v20210630075054" download-size="2978" install-size="2978" />
	<plugin fragment="true" id="org.eclipse.core.databinding.observable.nl_ja" unpack="false" version="4.19.0.v20210630075054" download-size="1498" install-size="1498" />
	<plugin fragment="true" id="org.eclipse.core.databinding.property.nl_ja" unpack="false" version="4.19.0.v20210630075054" download-size="1526" install-size="1526" />
	<plugin fragment="true" id="org.eclipse.core.expressions.nl_ja" unpack="false" version="4.19.0.v20210630075054" download-size="3229" install-size="3229" />
	<plugin fragment="true" id="org.eclipse.core.externaltools.nl_ja" unpack="false" version="4.19.0.v20210630075054" download-size="4357" install-size="4357" />
	<plugin fragment="true" id="org.eclipse.core.filebuffers.nl_ja" unpack="false" version="4.19.0.v20210630075054" download-size="4538" install-size="4538" />
	<plugin fragment="true" id="org.eclipse.core.filesystem.linux.aarch64.nl_ja" unpack="false" version="4.19.0.v20210630075054" download-size="1472" install-size="1472" />
	<plugin fragment="true" id="org.eclipse.core.filesystem.linux.ppc64le.nl_ja" unpack="false" version="4.19.0.v20210630075054" download-size="1536" install-size="1536" />
	<plugin fragment="true" id="org.eclipse.core.filesystem.linux.x86_64.nl_ja" unpack="false" version="4.19.0.v20210630075054" download-size="1570" install-size="1570" />
	<plugin fragment="true" id="org.eclipse.core.filesystem.macosx.nl_ja" unpack="false" version="4.19.0.v20210630075054" download-size="1553" install-size="1553" />
	<plugin fragment="true" id="org.eclipse.core.filesystem.nl_ja" unpack="false" version="4.19.0.v20210630075054" download-size="3291" install-size="3291" />
	<plugin fragment="true" id="org.eclipse.core.filesystem.win32.x86_64.nl_ja" unpack="false" version="4.19.0.v20210630075054" download-size="1574" install-size="1574" />
	<plugin fragment="true" id="org.eclipse.core.jobs.nl_ja" unpack="false" version="4.19.0.v20210630075054" download-size="2648" install-size="2648" />
	<plugin fragment="true" id="org.eclipse.core.net.linux.x86_64.nl_ja" unpack="false" version="4.19.0.v20210630075054" download-size="1557" install-size="1557" />
	<plugin fragment="true" id="org.eclipse.core.net.nl_ja" unpack="false" version="4.19.0.v20210630075054" download-size="2399" install-size="2399" />
	<plugin fragment="true" id="org.eclipse.core.net.win32.x86_64.nl_ja" unpack="false" version="4.19.0.v20210630075054" download-size="1553" install-size="1553" />
	<plugin fragment="true" id="org.eclipse.core.resources.nl_ja" unpack="false" version="4.19.0.v20210630075054" download-size="11166" install-size="11166" />
	<plugin fragment="true" id="org.eclipse.core.resources.win32.x86_64.nl_ja" unpack="false" version="4.19.0.v20210630075054" download-size="1622" install-size="1622" />
	<plugin fragment="true" id="org.eclipse.core.runtime.nl_ja" unpack="false" version="4.19.0.v20210630075054" download-size="4332" install-size="4332" />
	<plugin fragment="true" id="org.eclipse.core.tools.nl_ja" unpack="false" version="4.19.0.v20210630075054" download-size="3364" install-size="3364" />
	<plugin fragment="true" id="org.eclipse.core.tools.resources.nl_ja" unpack="false" version="4.19.0.v20210630075054" download-size="1585" install-size="1585" />
	<plugin fragment="true" id="org.eclipse.core.variables.nl_ja" unpack="false" version="4.19.0.v20210630075054" download-size="2702" install-size="2702" />
	<plugin fragment="true" id="org.eclipse.cvs.nl_ja" unpack="false" version="4.19.0.v20210630075054" download-size="2202" install-size="2202" />
	<plugin fragment="true" id="org.eclipse.debug.core.nl_ja" unpack="false" version="4.19.0.v20210630075054" download-size="8396" install-size="8396" />
	<plugin fragment="true" id="org.eclipse.debug.examples.core.nl_ja" unpack="false" version="4.19.0.v20210630075054" download-size="1908" install-size="1908" />
	<plugin fragment="true" id="org.eclipse.debug.examples.memory.nl_ja" unpack="false" version="4.19.0.v20210630075054" download-size="2945" install-size="2945" />
	<plugin fragment="true" id="org.eclipse.debug.examples.mixedmode.nl_ja" unpack="false" version="4.19.0.v20210630075054" download-size="3180" install-size="3180" />
	<plugin fragment="true" id="org.eclipse.debug.examples.ui.nl_ja" unpack="false" version="4.19.0.v20210630075054" download-size="3284" install-size="3284" />
	<plugin fragment="true" id="org.eclipse.debug.ui.nl_ja" unpack="false" version="4.19.0.v20210630075054" download-size="41726" install-size="41726" />
	<plugin fragment="true" id="org.eclipse.e4.core.commands.nl_ja" unpack="false" version="4.19.0.v20210630075054" download-size="1498" install-size="1498" />
	<plugin fragment="true" id="org.eclipse.e4.core.contexts.nl_ja" unpack="false" version="4.19.0.v20210630075054" download-size="1494" install-size="1494" />
	<plugin fragment="true" id="org.eclipse.e4.core.di.annotations.nl_ja" unpack="false" version="4.19.0.v20210630075054" download-size="1745" install-size="1745" />
	<plugin fragment="true" id="org.eclipse.e4.core.di.extensions.nl_ja" unpack="false" version="4.19.0.v20210630075054" download-size="1512" install-size="1512" />
	<plugin fragment="true" id="org.eclipse.e4.core.di.extensions.supplier.nl_ja" unpack="false" version="4.19.0.v20210630075054" download-size="1755" install-size="1755" />
	<plugin fragment="true" id="org.eclipse.e4.core.di.nl_ja" unpack="false" version="4.19.0.v20210630075054" download-size="1494" install-size="1494" />
	<plugin fragment="true" id="org.eclipse.e4.core.services.nl_ja" unpack="false" version="4.19.0.v20210630075054" download-size="2861" install-size="2861" />
	<plugin fragment="true" id="org.eclipse.e4.demo.cssbridge.nl_ja" unpack="false" version="4.19.0.v20210630075054" download-size="2002" install-size="2002" />
	<plugin fragment="true" id="org.eclipse.e4.emf.xpath.nl_ja" unpack="false" version="4.19.0.v20210630075054" download-size="1715" install-size="1715" />
	<plugin fragment="true" id="org.eclipse.e4.tools.compat.nl_ja" unpack="false" version="4.19.0.v20210630075054" download-size="2734" install-size="2734" />
	<plugin fragment="true" id="org.eclipse.e4.tools.emf.editor3x.nl_ja" unpack="false" version="4.19.0.v20210630075054" download-size="3287" install-size="3287" />
	<plugin fragment="true" id="org.eclipse.e4.tools.emf.ui.nl_ja" unpack="false" version="4.19.0.v20210630075054" download-size="13036" install-size="13036" />
	<plugin fragment="true" id="org.eclipse.e4.tools.jdt.templates.nl_ja" unpack="false" version="4.19.0.v20210630075054" download-size="1509" install-size="1509" />
	<plugin fragment="true" id="org.eclipse.e4.tools.nl_ja" unpack="false" version="4.19.0.v20210630075054" download-size="4416" install-size="4416" />
	<plugin fragment="true" id="org.eclipse.e4.tools.services.nl_ja" unpack="false" version="4.19.0.v20210630075054" download-size="2780" install-size="2780" />
	<plugin fragment="true" id="org.eclipse.e4.ui.bindings.nl_ja" unpack="false" version="4.19.0.v20210630075054" download-size="1506" install-size="1506" />
	<plugin fragment="true" id="org.eclipse.e4.ui.css.core.nl_ja" unpack="false" version="4.19.0.v20210630075054" download-size="1574" install-size="1574" />
	<plugin fragment="true" id="org.eclipse.e4.ui.css.swt.nl_ja" unpack="false" version="4.19.0.v20210630075054" download-size="1493" install-size="1493" />
	<plugin fragment="true" id="org.eclipse.e4.ui.css.swt.theme.nl_ja" unpack="false" version="4.19.0.v20210630075054" download-size="1528" install-size="1528" />
	<plugin fragment="true" id="org.eclipse.e4.ui.di.nl_ja" unpack="false" version="4.19.0.v20210630075054" download-size="1496" install-size="1496" />
	<plugin fragment="true" id="org.eclipse.e4.ui.dialogs.nl_ja" unpack="false" version="4.19.0.v20210630075054" download-size="2754" install-size="2754" />
	<plugin fragment="true" id="org.eclipse.e4.ui.ide.nl_ja" unpack="false" version="4.19.0.v20210630075054" download-size="1683" install-size="1683" />
	<plugin fragment="true" id="org.eclipse.e4.ui.model.workbench.nl_ja" unpack="false" version="4.19.0.v20210630075054" download-size="1573" install-size="1573" />
	<plugin fragment="true" id="org.eclipse.e4.ui.progress.nl_ja" unpack="false" version="4.19.0.v20210630075054" download-size="4116" install-size="4116" />
	<plugin fragment="true" id="org.eclipse.e4.ui.services.nl_ja" unpack="false" version="4.19.0.v20210630075054" download-size="1510" install-size="1510" />
	<plugin fragment="true" id="org.eclipse.e4.ui.swt.gtk.nl_ja" unpack="false" version="4.19.0.v20210630075054" download-size="1517" install-size="1517" />
	<plugin fragment="true" id="org.eclipse.e4.ui.swt.win32.nl_ja" unpack="false" version="4.19.0.v20210630075054" download-size="1504" install-size="1504" />
	<plugin fragment="true" id="org.eclipse.e4.ui.widgets.nl_ja" unpack="false" version="4.19.0.v20210630075054" download-size="1506" install-size="1506" />
	<plugin fragment="true" id="org.eclipse.e4.ui.workbench.addons.swt.nl_ja" unpack="false" version="4.19.0.v20210630075054" download-size="2926" install-size="2926" />
	<plugin fragment="true" id="org.eclipse.e4.ui.workbench.nl_ja" unpack="false" version="4.19.0.v20210630075054" download-size="1562" install-size="1562" />
	<plugin fragment="true" id="org.eclipse.e4.ui.workbench.renderers.swt.cocoa.nl_ja" unpack="false" version="4.19.0.v20210630075054" download-size="3270" install-size="3270" />
	<plugin fragment="true" id="org.eclipse.e4.ui.workbench.renderers.swt.nl_ja" unpack="false" version="4.19.0.v20210630075054" download-size="3971" install-size="3971" />
	<plugin fragment="true" id="org.eclipse.e4.ui.workbench.swt.nl_ja" unpack="false" version="4.19.0.v20210630075054" download-size="4605" install-size="4605" />
	<plugin fragment="true" id="org.eclipse.e4.ui.workbench3.nl_ja" unpack="false" version="4.19.0.v20210630075054" download-size="1538" install-size="1538" />
	<plugin fragment="true" id="org.eclipse.equinox.app.nl_ja" unpack="false" version="4.19.0.v20210630075054" download-size="3284" install-size="3284" />
	<plugin fragment="true" id="org.eclipse.equinox.bidi.nl_ja" unpack="false" version="4.19.0.v20210630075054" download-size="1728" install-size="1728" />
	<plugin fragment="true" id="org.eclipse.equinox.cm.nl_ja" unpack="false" version="4.19.0.v20210630075054" download-size="1488" install-size="1488" />
	<plugin fragment="true" id="org.eclipse.equinox.common.nl_ja" unpack="false" version="4.19.0.v20210630075054" download-size="3630" install-size="3630" />
	<plugin fragment="true" id="org.eclipse.equinox.concurrent.nl_ja" unpack="false" version="4.19.0.v20210630075054" download-size="1462" install-size="1462" />
	<plugin fragment="true" id="org.eclipse.equinox.console.jaas.fragment.nl_ja" unpack="false" version="4.19.0.v20210630075054" download-size="1502" install-size="1502" />
	<plugin fragment="true" id="org.eclipse.equinox.console.nl_ja" unpack="false" version="4.19.0.v20210630075054" download-size="4417" install-size="4417" />
	<plugin fragment="true" id="org.eclipse.equinox.console.ssh.nl_ja" unpack="false" version="4.19.0.v20210630075054" download-size="1514" install-size="1514" />
	<plugin fragment="true" id="org.eclipse.equinox.coordinator.nl_ja" unpack="false" version="4.19.0.v20210630075054" download-size="2321" install-size="2321" />
	<plugin fragment="true" id="org.eclipse.equinox.device.nl_ja" unpack="false" version="4.19.0.v20210630075054" download-size="3275" install-size="3275" />
	<plugin fragment="true" id="org.eclipse.equinox.event.nl_ja" unpack="false" version="4.19.0.v20210630075054" download-size="3133" install-size="3133" />
	<plugin fragment="true" id="org.eclipse.equinox.frameworkadmin.equinox.nl_ja" unpack="false" version="4.19.0.v20210630075054" download-size="3380" install-size="3380" />
	<plugin fragment="true" id="org.eclipse.equinox.frameworkadmin.nl_ja" unpack="false" version="4.19.0.v20210630075054" download-size="1513" install-size="1513" />
	<plugin fragment="true" id="org.eclipse.equinox.http.jetty.nl_ja" unpack="false" version="4.19.0.v20210630075054" download-size="1563" install-size="1563" />
	<plugin fragment="true" id="org.eclipse.equinox.http.jetty.starter.nl_ja" unpack="false" version="4.19.0.v20210630075054" download-size="1467" install-size="1467" />
	<plugin fragment="true" id="org.eclipse.equinox.http.registry.nl_ja" unpack="false" version="4.19.0.v20210630075054" download-size="1584" install-size="1584" />
	<plugin fragment="true" id="org.eclipse.equinox.http.servlet.nl_ja" unpack="false" version="4.19.0.v20210630075054" download-size="1510" install-size="1510" />
	<plugin fragment="true" id="org.eclipse.equinox.http.servletbridge.nl_ja" unpack="false" version="4.19.0.v20210630075054" download-size="1508" install-size="1508" />
	<plugin fragment="true" id="org.eclipse.equinox.io.nl_ja" unpack="false" version="4.19.0.v20210630075054" download-size="1504" install-size="1504" />
	<plugin fragment="true" id="org.eclipse.equinox.ip.nl_ja" unpack="false" version="4.19.0.v20210630075054" download-size="1500" install-size="1500" />
	<plugin fragment="true" id="org.eclipse.equinox.jsp.jasper.nl_ja" unpack="false" version="4.19.0.v20210630075054" download-size="1508" install-size="1508" />
	<plugin fragment="true" id="org.eclipse.equinox.jsp.jasper.registry.nl_ja" unpack="false" version="4.19.0.v20210630075054" download-size="1529" install-size="1529" />
	<plugin fragment="true" id="org.eclipse.equinox.launcher.cocoa.macosx.arm64.nl_ja" unpack="false" version="4.19.0.v20210630075054" download-size="1519" install-size="1519" />
	<plugin fragment="true" id="org.eclipse.equinox.launcher.cocoa.macosx.x86_64.nl_ja" unpack="false" version="4.19.0.v20210630075054" download-size="1606" install-size="1606" />
	<plugin fragment="true" id="org.eclipse.equinox.launcher.gtk.linux.aarch64.nl_ja" unpack="false" version="4.19.0.v20210630075054" download-size="1577" install-size="1577" />
	<plugin fragment="true" id="org.eclipse.equinox.launcher.gtk.linux.ppc64le.nl_ja" unpack="false" version="4.19.0.v20210630075054" download-size="1574" install-size="1574" />
	<plugin fragment="true" id="org.eclipse.equinox.launcher.gtk.linux.x86_64.nl_ja" unpack="false" version="4.19.0.v20210630075054" download-size="1617" install-size="1617" />
	<plugin fragment="true" id="org.eclipse.equinox.launcher.nl_ja" unpack="false" version="4.19.0.v20210630075054" download-size="1500" install-size="1500" />
	<plugin fragment="true" id="org.eclipse.equinox.launcher.win32.win32.x86_64.nl_ja" unpack="false" version="4.19.0.v20210630075054" download-size="1618" install-size="1618" />
	<plugin fragment="true" id="org.eclipse.equinox.log.stream.nl_ja" unpack="false" version="4.19.0.v20210630075054" download-size="1461" install-size="1461" />
	<plugin fragment="true" id="org.eclipse.equinox.metatype.nl_ja" unpack="false" version="4.19.0.v20210630075054" download-size="2878" install-size="2878" />
	<plugin fragment="true" id="org.eclipse.equinox.p2.artifact.checksums.bouncycastle.nl_ja" unpack="false" version="4.19.0.v20210630075054" download-size="1482" install-size="1482" />
	<plugin fragment="true" id="org.eclipse.equinox.p2.artifact.optimizers.nl_ja" unpack="false" version="4.19.0.v20210630075054" download-size="3096" install-size="3096" />
	<plugin fragment="true" id="org.eclipse.equinox.p2.artifact.processors.nl_ja" unpack="false" version="4.19.0.v20210630075054" download-size="1528" install-size="1528" />
	<plugin fragment="true" id="org.eclipse.equinox.p2.artifact.repository.nl_ja" unpack="false" version="4.19.0.v20210630075054" download-size="7839" install-size="7839" />
	<plugin fragment="true" id="org.eclipse.equinox.p2.console.nl_ja" unpack="false" version="4.19.0.v20210630075054" download-size="3210" install-size="3210" />
	<plugin fragment="true" id="org.eclipse.equinox.p2.core.nl_ja" unpack="false" version="4.19.0.v20210630075054" download-size="2889" install-size="2889" />
	<plugin fragment="true" id="org.eclipse.equinox.p2.director.app.nl_ja" unpack="false" version="4.19.0.v20210630075054" download-size="5348" install-size="5348" />
	<plugin fragment="true" id="org.eclipse.equinox.p2.director.nl_ja" unpack="false" version="4.19.0.v20210630075054" download-size="4093" install-size="4093" />
	<plugin fragment="true" id="org.eclipse.equinox.p2.directorywatcher.nl_ja" unpack="false" version="4.19.0.v20210630075054" download-size="3174" install-size="3174" />
	<plugin fragment="true" id="org.eclipse.equinox.p2.discovery.compatibility.nl_ja" unpack="false" version="4.19.0.v20210630075054" download-size="4020" install-size="4020" />
	<plugin fragment="true" id="org.eclipse.equinox.p2.discovery.nl_ja" unpack="false" version="4.19.0.v20210630075054" download-size="3746" install-size="3746" />
	<plugin fragment="true" id="org.eclipse.equinox.p2.engine.nl_ja" unpack="false" version="4.19.0.v20210630075054" download-size="4727" install-size="4727" />
	<plugin fragment="true" id="org.eclipse.equinox.p2.examples.rcp.cloud.nl_ja" unpack="false" version="4.19.0.v20210630075054" download-size="1605" install-size="1605" />
	<plugin fragment="true" id="org.eclipse.equinox.p2.examples.rcp.discovery.nl_ja" unpack="false" version="4.19.0.v20210630075054" download-size="1610" install-size="1610" />
	<plugin fragment="true" id="org.eclipse.equinox.p2.examples.rcp.sdkbundlevisibility.nl_ja" unpack="false" version="4.19.0.v20210630075054" download-size="3705" install-size="3705" />
	<plugin fragment="true" id="org.eclipse.equinox.p2.extensionlocation.nl_ja" unpack="false" version="4.19.0.v20210630075054" download-size="2981" install-size="2981" />
	<plugin fragment="true" id="org.eclipse.equinox.p2.garbagecollector.nl_ja" unpack="false" version="4.19.0.v20210630075054" download-size="2667" install-size="2667" />
	<plugin fragment="true" id="org.eclipse.equinox.p2.installer.nl_ja" unpack="false" version="4.19.0.v20210630075054" download-size="4035" install-size="4035" />
	<plugin fragment="true" id="org.eclipse.equinox.p2.jarprocessor.nl_ja" unpack="false" version="4.19.0.v20210630075054" download-size="1496" install-size="1496" />
	<plugin fragment="true" id="org.eclipse.equinox.p2.metadata.nl_ja" unpack="false" version="4.19.0.v20210630075054" download-size="3707" install-size="3707" />
	<plugin fragment="true" id="org.eclipse.equinox.p2.metadata.repository.nl_ja" unpack="false" version="4.19.0.v20210630075054" download-size="3097" install-size="3097" />
	<plugin fragment="true" id="org.eclipse.equinox.p2.operations.nl_ja" unpack="false" version="4.19.0.v20210630075054" download-size="4078" install-size="4078" />
	<plugin fragment="true" id="org.eclipse.equinox.p2.publisher.eclipse.nl_ja" unpack="false" version="4.19.0.v20210630075054" download-size="3910" install-size="3910" />
	<plugin fragment="true" id="org.eclipse.equinox.p2.publisher.nl_ja" unpack="false" version="4.19.0.v20210630075054" download-size="3589" install-size="3589" />
	<plugin fragment="true" id="org.eclipse.equinox.p2.reconciler.dropins.nl_ja" unpack="false" version="4.19.0.v20210630075054" download-size="3030" install-size="3030" />
	<plugin fragment="true" id="org.eclipse.equinox.p2.repository.nl_ja" unpack="false" version="4.19.0.v20210630075054" download-size="6238" install-size="6238" />
	<plugin fragment="true" id="org.eclipse.equinox.p2.repository.tools.nl_ja" unpack="false" version="4.19.0.v20210630075054" download-size="6022" install-size="6022" />
	<plugin fragment="true" id="org.eclipse.equinox.p2.tests.discovery.nl_ja" unpack="false" version="4.19.0.v20210630075054" download-size="1578" install-size="1578" />
	<plugin fragment="true" id="org.eclipse.equinox.p2.tests.ui.nl_ja" unpack="false" version="4.19.0.v20210630075054" download-size="1500" install-size="1500" />
	<plugin fragment="true" id="org.eclipse.equinox.p2.tests.verifier.nl_ja" unpack="false" version="4.19.0.v20210630075054" download-size="5226" install-size="5226" />
	<plugin fragment="true" id="org.eclipse.equinox.p2.touchpoint.eclipse.nl_ja" unpack="false" version="4.19.0.v20210630075054" download-size="5383" install-size="5383" />
	<plugin fragment="true" id="org.eclipse.equinox.p2.touchpoint.natives.nl_ja" unpack="false" version="4.19.0.v20210630075054" download-size="4336" install-size="4336" />
	<plugin fragment="true" id="org.eclipse.equinox.p2.transport.ecf.nl_ja" unpack="false" version="4.19.0.v20210630075054" download-size="3922" install-size="3922" />
	<plugin fragment="true" id="org.eclipse.equinox.p2.ui.admin.nl_ja" unpack="false" version="4.19.0.v20210630075054" download-size="4110" install-size="4110" />
	<plugin fragment="true" id="org.eclipse.equinox.p2.ui.admin.rcp.nl_ja" unpack="false" version="4.19.0.v20210630075054" download-size="3066" install-size="3066" />
	<plugin fragment="true" id="org.eclipse.equinox.p2.ui.discovery.nl_ja" unpack="false" version="4.19.0.v20210630075054" download-size="5356" install-size="5356" />
	<plugin fragment="true" id="org.eclipse.equinox.p2.ui.importexport.nl_ja" unpack="false" version="4.19.0.v20210630075054" download-size="4415" install-size="4415" />
	<plugin fragment="true" id="org.eclipse.equinox.p2.ui.nl_ja" unpack="false" version="4.19.0.v20210630075054" download-size="8926" install-size="8926" />
	<plugin fragment="true" id="org.eclipse.equinox.p2.ui.sdk.nl_ja" unpack="false" version="4.19.0.v20210630075054" download-size="4096" install-size="4096" />
	<plugin fragment="true" id="org.eclipse.equinox.p2.ui.sdk.scheduler.nl_ja" unpack="false" version="4.19.0.v20210630075054" download-size="5477" install-size="5477" />
	<plugin fragment="true" id="org.eclipse.equinox.p2.updatechecker.nl_ja" unpack="false" version="4.19.0.v20210630075054" download-size="1499" install-size="1499" />
	<plugin fragment="true" id="org.eclipse.equinox.p2.updatesite.nl_ja" unpack="false" version="4.19.0.v20210630075054" download-size="3411" install-size="3411" />
	<plugin fragment="true" id="org.eclipse.equinox.preferences.nl_ja" unpack="false" version="4.19.0.v20210630075054" download-size="3401" install-size="3401" />
	<plugin fragment="true" id="org.eclipse.equinox.region.nl_ja" unpack="false" version="4.19.0.v20210630075054" download-size="1687" install-size="1687" />
	<plugin fragment="true" id="org.eclipse.equinox.registry.nl_ja" unpack="false" version="4.19.0.v20210630075054" download-size="4020" install-size="4020" />
	<plugin fragment="true" id="org.eclipse.equinox.security.linux.nl_ja" unpack="false" version="4.19.0.v20210630075054" download-size="3272" install-size="3272" />
	<plugin fragment="true" id="org.eclipse.equinox.security.linux.x86_64.nl_ja" unpack="false" version="4.19.0.v20210630075054" download-size="1777" install-size="1777" />
	<plugin fragment="true" id="org.eclipse.equinox.security.macosx.nl_ja" unpack="false" version="4.19.0.v20210630075054" download-size="3263" install-size="3263" />
	<plugin fragment="true" id="org.eclipse.equinox.security.nl_ja" unpack="false" version="4.19.0.v20210630075054" download-size="5208" install-size="5208" />
	<plugin fragment="true" id="org.eclipse.equinox.security.ui.nl_ja" unpack="false" version="4.19.0.v20210630075054" download-size="8784" install-size="8784" />
	<plugin fragment="true" id="org.eclipse.equinox.security.win32.x86_64.nl_ja" unpack="false" version="4.19.0.v20210630075054" download-size="3380" install-size="3380" />
	<plugin fragment="true" id="org.eclipse.equinox.servletbridge.nl_ja" unpack="false" version="4.19.0.v20210630075054" download-size="1483" install-size="1483" />
	<plugin fragment="true" id="org.eclipse.equinox.simpleconfigurator.manipulator.nl_ja" unpack="false" version="4.19.0.v20210630075054" download-size="1505" install-size="1505" />
	<plugin fragment="true" id="org.eclipse.equinox.simpleconfigurator.nl_ja" unpack="false" version="4.19.0.v20210630075054" download-size="1490" install-size="1490" />
	<plugin fragment="true" id="org.eclipse.equinox.transforms.hook.nl_ja" unpack="false" version="4.19.0.v20210630075054" download-size="1480" install-size="1480" />
	<plugin fragment="true" id="org.eclipse.equinox.transforms.xslt.nl_ja" unpack="false" version="4.19.0.v20210630075054" download-size="1512" install-size="1512" />
	<plugin fragment="true" id="org.eclipse.equinox.useradmin.nl_ja" unpack="false" version="4.19.0.v20210630075054" download-size="3374" install-size="3374" />
	<plugin fragment="true" id="org.eclipse.equinox.util.nl_ja" unpack="false" version="4.19.0.v20210630075054" download-size="1478" install-size="1478" />
	<plugin fragment="true" id="org.eclipse.equinox.wireadmin.nl_ja" unpack="false" version="4.19.0.v20210630075054" download-size="1484" install-size="1484" />
	<plugin fragment="true" id="org.eclipse.help.base.nl_ja" unpack="false" version="4.19.0.v20210630075054" download-size="4398" install-size="4398" />
	<plugin fragment="true" id="org.eclipse.help.nl_ja" unpack="false" version="4.19.0.v20210630075054" download-size="1625" install-size="1625" />
	<plugin fragment="true" id="org.eclipse.help.ui.nl_ja" unpack="false" version="4.19.0.v20210630075054" download-size="7062" install-size="7062" />
	<plugin fragment="true" id="org.eclipse.help.webapp.nl_ja" unpack="false" version="4.19.0.v20210630075054" download-size="6727" install-size="6727" />
	<plugin fragment="true" id="org.eclipse.jdt.annotation.nl_ja" unpack="false" version="4.19.0.v20210630075054" download-size="1520" install-size="1520" />
	<plugin fragment="true" id="org.eclipse.jdt.annotation_v1.nl_ja" unpack="false" version="4.19.0.v20210630075054" download-size="1522" install-size="1522" />
	<plugin fragment="true" id="org.eclipse.jdt.apt.core.nl_ja" unpack="false" version="4.19.0.v20210630075054" download-size="4131" install-size="4131" />
	<plugin fragment="true" id="org.eclipse.jdt.apt.pluggable.core.nl_ja" unpack="false" version="4.19.0.v20210630075054" download-size="1598" install-size="1598" />
	<plugin fragment="true" id="org.eclipse.jdt.apt.ui.nl_ja" unpack="false" version="4.19.0.v20210630075054" download-size="4931" install-size="4931" />
	<plugin fragment="true" id="org.eclipse.jdt.astview.nl_ja" unpack="false" version="4.19.0.v20210630075054" download-size="1496" install-size="1496" />
	<plugin fragment="true" id="org.eclipse.jdt.compiler.apt.nl_ja" unpack="false" version="4.19.0.v20210630075054" download-size="1530" install-size="1530" />
	<plugin fragment="true" id="org.eclipse.jdt.compiler.tool.nl_ja" unpack="false" version="4.19.0.v20210630075054" download-size="1547" install-size="1547" />
	<plugin fragment="true" id="org.eclipse.jdt.core.formatterapp.nl_ja" unpack="false" version="4.19.0.v20210630075054" download-size="2394" install-size="2394" />
	<plugin fragment="true" id="org.eclipse.jdt.core.manipulation.nl_ja" unpack="false" version="4.19.0.v20210630075054" download-size="58442" install-size="58442" />
	<plugin fragment="true" id="org.eclipse.jdt.core.nl_ja" unpack="false" version="4.19.0.v20210630075054" download-size="30597" install-size="30597" />
	<plugin fragment="true" id="org.eclipse.jdt.core.tests.builder.nl_ja" unpack="false" version="4.19.0.v20210630075054" download-size="1499" install-size="1499" />
	<plugin fragment="true" id="org.eclipse.jdt.core.tests.compiler.nl_ja" unpack="false" version="4.19.0.v20210630075054" download-size="1507" install-size="1507" />
	<plugin fragment="true" id="org.eclipse.jdt.core.tests.model.nl_ja" unpack="false" version="4.19.0.v20210630075054" download-size="12823" install-size="12823" />
	<plugin fragment="true" id="org.eclipse.jdt.core.tests.performance.nl_ja" unpack="false" version="4.19.0.v20210630075054" download-size="1514" install-size="1514" />
	<plugin fragment="true" id="org.eclipse.jdt.debug.nl_ja" unpack="false" version="4.19.0.v20210630075054" download-size="25759" install-size="25759" />
	<plugin fragment="true" id="org.eclipse.jdt.debug.ui.nl_ja" unpack="false" version="4.19.0.v20210630075054" download-size="37373" install-size="37373" />
	<plugin fragment="true" id="org.eclipse.jdt.doc.isv.nl_ja" unpack="false" version="4.19.0.v20210630075054" download-size="1792" install-size="1792" />
	<plugin fragment="true" id="org.eclipse.jdt.doc.user.nl_ja" unpack="false" version="4.19.0.v20210630075054" download-size="1508" install-size="1508" />
	<plugin fragment="true" id="org.eclipse.jdt.jeview.nl_ja" unpack="false" version="4.19.0.v20210630075054" download-size="1511" install-size="1511" />
	<plugin fragment="true" id="org.eclipse.jdt.junit.core.nl_ja" unpack="false" version="4.19.0.v20210630075054" download-size="4663" install-size="4663" />
	<plugin fragment="true" id="org.eclipse.jdt.junit.nl_ja" unpack="false" version="4.19.0.v20210630075054" download-size="11509" install-size="11509" />
	<plugin fragment="true" id="org.eclipse.jdt.junit.runtime.nl_ja" unpack="false" version="4.19.0.v20210630075054" download-size="3185" install-size="3185" />
	<plugin fragment="true" id="org.eclipse.jdt.junit4.runtime.nl_ja" unpack="false" version="4.19.0.v20210630075054" download-size="1530" install-size="1530" />
	<plugin fragment="true" id="org.eclipse.jdt.junit5.runtime.nl_ja" unpack="false" version="4.19.0.v20210630075054" download-size="1526" install-size="1526" />
	<plugin fragment="true" id="org.eclipse.jdt.launching.macosx.nl_ja" unpack="false" version="4.19.0.v20210630075054" download-size="2731" install-size="2731" />
	<plugin fragment="true" id="org.eclipse.jdt.launching.nl_ja" unpack="false" version="4.19.0.v20210630075054" download-size="9278" install-size="9278" />
	<plugin fragment="true" id="org.eclipse.jdt.launching.ui.macosx.nl_ja" unpack="false" version="4.19.0.v20210630075054" download-size="3455" install-size="3455" />
	<plugin fragment="true" id="org.eclipse.jdt.nl_ja" unpack="false" version="4.19.0.v20210630075054" download-size="1709" install-size="1709" />
	<plugin fragment="true" id="org.eclipse.jdt.tips.user.nl_ja" unpack="false" version="4.19.0.v20210630075054" download-size="2384" install-size="2384" />
	<plugin fragment="true" id="org.eclipse.jdt.ui.examples.javafamily.nl_ja" unpack="false" version="4.19.0.v20210630075054" download-size="3108" install-size="3108" />
	<plugin fragment="true" id="org.eclipse.jdt.ui.examples.projects.nl_ja" unpack="false" version="4.19.0.v20210630075054" download-size="2945" install-size="2945" />
	<plugin fragment="true" id="org.eclipse.jdt.ui.nl_ja" unpack="false" version="4.19.0.v20210630075054" download-size="156855" install-size="156855" />
	<plugin fragment="true" id="org.eclipse.jdt.ui.tests.refactoring.nl_ja" unpack="false" version="4.19.0.v20210630075054" download-size="1524" install-size="1524" />
	<plugin fragment="true" id="org.eclipse.jdt.ui.unittest.junit.nl_ja" unpack="false" version="4.19.0.v20210630075054" download-size="5466" install-size="5466" />
	<plugin fragment="true" id="org.eclipse.jface.databinding.nl_ja" unpack="false" version="4.19.0.v20210630075054" download-size="1525" install-size="1525" />
	<plugin fragment="true" id="org.eclipse.jface.examples.databinding.nl_ja" unpack="false" version="4.19.0.v20210630075054" download-size="1521" install-size="1521" />
	<plugin fragment="true" id="org.eclipse.jface.nl_ja" unpack="false" version="4.19.0.v20210630075054" download-size="6757" install-size="6757" />
	<plugin fragment="true" id="org.eclipse.jface.notifications.nl_ja" unpack="false" version="4.19.0.v20210630075054" download-size="2449" install-size="2449" />
	<plugin fragment="true" id="org.eclipse.jface.tests.databinding.conformance.nl_ja" unpack="false" version="4.19.0.v20210630075054" download-size="1541" install-size="1541" />
	<plugin fragment="true" id="org.eclipse.jface.tests.databinding.nl_ja" unpack="false" version="4.19.0.v20210630075054" download-size="1518" install-size="1518" />
	<plugin fragment="true" id="org.eclipse.jface.text.nl_ja" unpack="false" version="4.19.0.v20210630075054" download-size="13048" install-size="13048" />
	<plugin fragment="true" id="org.eclipse.jsch.core.nl_ja" unpack="false" version="4.19.0.v20210630075054" download-size="2682" install-size="2682" />
	<plugin fragment="true" id="org.eclipse.jsch.ui.nl_ja" unpack="false" version="4.19.0.v20210630075054" download-size="4530" install-size="4530" />
	<plugin fragment="true" id="org.eclipse.ltk.core.refactoring.nl_ja" unpack="false" version="4.19.0.v20210630075054" download-size="6383" install-size="6383" />
	<plugin fragment="true" id="org.eclipse.ltk.ui.refactoring.nl_ja" unpack="false" version="4.19.0.v20210630075054" download-size="9397" install-size="9397" />
	<plugin fragment="true" id="org.eclipse.newMultiEditor.nl_ja" unpack="false" version="4.19.0.v20210630075054" download-size="1492" install-size="1492" />
	<plugin fragment="true" id="org.eclipse.osgi.compatibility.state.nl_ja" unpack="false" version="4.19.0.v20210630075054" download-size="3448" install-size="3448" />
	<plugin fragment="true" id="org.eclipse.osgi.nl_ja" unpack="false" version="4.19.0.v20210630075054" download-size="6973" install-size="6973" />
	<plugin fragment="true" id="org.eclipse.osgi.services.nl_ja" unpack="false" version="4.19.0.v20210630075054" download-size="1554" install-size="1554" />
	<plugin fragment="true" id="org.eclipse.osgi.util.nl_ja" unpack="false" version="4.19.0.v20210630075054" download-size="1531" install-size="1531" />
	<plugin fragment="true" id="org.eclipse.pde.api.tools.annotations.nl_ja" unpack="false" version="4.19.0.v20210630075054" download-size="1742" install-size="1742" />
	<plugin fragment="true" id="org.eclipse.pde.api.tools.ee.cdcfoundation10.nl_ja" unpack="false" version="4.19.0.v20210630075054" download-size="1561" install-size="1561" />
	<plugin fragment="true" id="org.eclipse.pde.api.tools.ee.cdcfoundation11.nl_ja" unpack="false" version="4.19.0.v20210630075054" download-size="1561" install-size="1561" />
	<plugin fragment="true" id="org.eclipse.pde.api.tools.ee.osgiminimum10.nl_ja" unpack="false" version="4.19.0.v20210630075054" download-size="1544" install-size="1544" />
	<plugin fragment="true" id="org.eclipse.pde.api.tools.ee.osgiminimum11.nl_ja" unpack="false" version="4.19.0.v20210630075054" download-size="1553" install-size="1553" />
	<plugin fragment="true" id="org.eclipse.pde.api.tools.ee.osgiminimum12.nl_ja" unpack="false" version="4.19.0.v20210630075054" download-size="1553" install-size="1553" />
	<plugin fragment="true" id="org.eclipse.pde.api.tools.nl_ja" unpack="false" version="4.19.0.v20210630075054" download-size="18195" install-size="18195" />
	<plugin fragment="true" id="org.eclipse.pde.api.tools.ui.nl_ja" unpack="false" version="4.19.0.v20210630075054" download-size="17243" install-size="17243" />
	<plugin fragment="true" id="org.eclipse.pde.build.nl_ja" unpack="false" version="4.19.0.v20210630075054" download-size="7056" install-size="7056" />
	<plugin fragment="true" id="org.eclipse.pde.core.nl_ja" unpack="false" version="4.19.0.v20210630075054" download-size="14337" install-size="14337" />
	<plugin fragment="true" id="org.eclipse.pde.doc.user.nl_ja" unpack="false" version="4.19.0.v20210630075054" download-size="1771" install-size="1771" />
	<plugin fragment="true" id="org.eclipse.pde.ds.annotations.nl_ja" unpack="false" version="4.19.0.v20210630075054" download-size="5439" install-size="5439" />
	<plugin fragment="true" id="org.eclipse.pde.ds.core.nl_ja" unpack="false" version="4.19.0.v20210630075054" download-size="3481" install-size="3481" />
	<plugin fragment="true" id="org.eclipse.pde.ds.lib.nl_ja" unpack="false" version="4.19.0.v20210630075054" download-size="1745" install-size="1745" />
	<plugin fragment="true" id="org.eclipse.pde.ds.ui.nl_ja" unpack="false" version="4.19.0.v20210630075054" download-size="3752" install-size="3752" />
	<plugin fragment="true" id="org.eclipse.pde.ds1_2.lib.nl_ja" unpack="false" version="4.19.0.v20210630075054" download-size="1747" install-size="1747" />
	<plugin fragment="true" id="org.eclipse.pde.genericeditor.extension.nl_ja" unpack="false" version="4.19.0.v20210630075054" download-size="4903" install-size="4903" />
	<plugin fragment="true" id="org.eclipse.pde.junit.runtime.nl_ja" unpack="false" version="4.19.0.v20210630075054" download-size="1510" install-size="1510" />
	<plugin fragment="true" id="org.eclipse.pde.launching.nl_ja" unpack="false" version="4.19.0.v20210630075054" download-size="3655" install-size="3655" />
	<plugin fragment="true" id="org.eclipse.pde.nl_ja" unpack="false" version="4.19.0.v20210630075054" download-size="1930" install-size="1930" />
	<plugin fragment="true" id="org.eclipse.pde.runtime.nl_ja" unpack="false" version="4.19.0.v20210630075054" download-size="4075" install-size="4075" />
	<plugin fragment="true" id="org.eclipse.pde.ua.core.nl_ja" unpack="false" version="4.19.0.v20210630075054" download-size="1602" install-size="1602" />
	<plugin fragment="true" id="org.eclipse.pde.ua.ui.nl_ja" unpack="false" version="4.19.0.v20210630075054" download-size="17104" install-size="17104" />
	<plugin fragment="true" id="org.eclipse.pde.ui.nl_ja" unpack="false" version="4.19.0.v20210630075054" download-size="53621" install-size="53621" />
	<plugin fragment="true" id="org.eclipse.pde.ui.templates.nl_ja" unpack="false" version="4.19.0.v20210630075054" download-size="10687" install-size="10687" />
	<plugin fragment="true" id="org.eclipse.platform.doc.isv.nl_ja" unpack="false" version="4.19.0.v20210630075054" download-size="1805" install-size="1805" />
	<plugin fragment="true" id="org.eclipse.platform.doc.tips.nl_ja" unpack="false" version="4.19.0.v20210630075054" download-size="2123" install-size="2123" />
	<plugin fragment="true" id="org.eclipse.platform.doc.user.nl_ja" unpack="false" version="4.19.0.v20210630075054" download-size="1509" install-size="1509" />
	<plugin fragment="true" id="org.eclipse.platform.nl_ja" unpack="false" version="4.19.0.v20210630075054" download-size="3953" install-size="3953" />
	<plugin fragment="true" id="org.eclipse.sdk.nl_ja" unpack="false" version="4.19.0.v20210630075054" download-size="3174" install-size="3174" />
	<plugin fragment="true" id="org.eclipse.search.nl_ja" unpack="false" version="4.19.0.v20210630075054" download-size="9810" install-size="9810" />
	<plugin fragment="true" id="org.eclipse.swt.examples.browser.demos.nl_ja" unpack="false" version="4.19.0.v20210630075054" download-size="2339" install-size="2339" />
	<plugin fragment="true" id="org.eclipse.swt.examples.launcher.nl_ja" unpack="false" version="4.19.0.v20210630075054" download-size="2447" install-size="2447" />
	<plugin fragment="true" id="org.eclipse.swt.examples.nl_ja" unpack="false" version="4.19.0.v20210630075054" download-size="22182" install-size="22182" />
	<plugin fragment="true" id="org.eclipse.swt.examples.ole.win32.nl_ja" unpack="false" version="4.19.0.v20210630075054" download-size="2528" install-size="2528" />
	<plugin fragment="true" id="org.eclipse.swt.examples.views.nl_ja" unpack="false" version="4.19.0.v20210630075054" download-size="2736" install-size="2736" />
	<plugin fragment="true" id="org.eclipse.swt.examples.watchdog.nl_ja" unpack="false" version="4.19.0.v20210630075054" download-size="1722" install-size="1722" />
	<plugin fragment="true" id="org.eclipse.swt.fragments.localbuild.nl_ja" unpack="false" version="4.19.0.v20210630075054" download-size="1525" install-size="1525" />
	<plugin fragment="true" id="org.eclipse.swt.nl_ja" unpack="false" version="4.19.0.v20210630075054" download-size="4268" install-size="4268" />
	<plugin fragment="true" id="org.eclipse.swt.opengl.examples.nl_ja" unpack="false" version="4.19.0.v20210630075054" download-size="2051" install-size="2051" />
	<plugin fragment="true" id="org.eclipse.swt.snippets.nl_ja" unpack="false" version="4.19.0.v20210630075054" download-size="1491" install-size="1491" />
	<plugin fragment="true" id="org.eclipse.swt.tools.base.nl_ja" unpack="false" version="4.19.0.v20210630075054" download-size="1510" install-size="1510" />
	<plugin fragment="true" id="org.eclipse.swt.tools.nl_ja" unpack="false" version="4.19.0.v20210630075054" download-size="1555" install-size="1555" />
	<plugin fragment="true" id="org.eclipse.swt.tools.spies.nl_ja" unpack="false" version="4.19.0.v20210630075054" download-size="1517" install-size="1517" />
	<plugin fragment="true" id="org.eclipse.team.core.nl_ja" unpack="false" version="4.19.0.v20210630075054" download-size="5164" install-size="5164" />
	<plugin fragment="true" id="org.eclipse.team.cvs.core.nl_ja" unpack="false" version="4.19.0.v20210630075054" download-size="9424" install-size="9424" />
	<plugin fragment="true" id="org.eclipse.team.cvs.ssh2.nl_ja" unpack="false" version="4.19.0.v20210630075054" download-size="3936" install-size="3936" />
	<plugin fragment="true" id="org.eclipse.team.cvs.ui.nl_ja" unpack="false" version="4.19.0.v20210630075054" download-size="30047" install-size="30047" />
	<plugin fragment="true" id="org.eclipse.team.examples.filesystem.nl_ja" unpack="false" version="4.19.0.v20210630075054" download-size="3627" install-size="3627" />
	<plugin fragment="true" id="org.eclipse.team.genericeditor.diff.extension.nl_ja" unpack="false" version="4.19.0.v20210630075054" download-size="1572" install-size="1572" />
	<plugin fragment="true" id="org.eclipse.team.tests.core.nl_ja" unpack="false" version="4.19.0.v20210630075054" download-size="1461" install-size="1461" />
	<plugin fragment="true" id="org.eclipse.team.tests.cvs.core.nl_ja" unpack="false" version="4.19.0.v20210630075054" download-size="1769" install-size="1769" />
	<plugin fragment="true" id="org.eclipse.team.ui.nl_ja" unpack="false" version="4.19.0.v20210630075054" download-size="16271" install-size="16271" />
	<plugin fragment="true" id="org.eclipse.tests.urischeme.nl_ja" unpack="false" version="4.19.0.v20210630075054" download-size="1519" install-size="1519" />
	<plugin fragment="true" id="org.eclipse.text.nl_ja" unpack="false" version="4.19.0.v20210630075054" download-size="5309" install-size="5309" />
	<plugin fragment="true" id="org.eclipse.text.quicksearch.nl_ja" unpack="false" version="4.19.0.v20210630075054" download-size="3438" install-size="3438" />
	<plugin fragment="true" id="org.eclipse.tips.core.nl_ja" unpack="false" version="4.19.0.v20210630075054" download-size="3192" install-size="3192" />
	<plugin fragment="true" id="org.eclipse.tips.ide.nl_ja" unpack="false" version="4.19.0.v20210630075054" download-size="3076" install-size="3076" />
	<plugin fragment="true" id="org.eclipse.tips.json.nl_ja" unpack="false" version="4.19.0.v20210630075054" download-size="2636" install-size="2636" />
	<plugin fragment="true" id="org.eclipse.tips.ui.nl_ja" unpack="false" version="4.19.0.v20210630075054" download-size="2989" install-size="2989" />
	<plugin fragment="true" id="org.eclipse.tools.layout.spy.nl_ja" unpack="false" version="4.19.0.v20210630075054" download-size="3425" install-size="3425" />
	<plugin fragment="true" id="org.eclipse.ui.browser.nl_ja" unpack="false" version="4.19.0.v20210630075054" download-size="4042" install-size="4042" />
	<plugin fragment="true" id="org.eclipse.ui.cheatsheets.nl_ja" unpack="false" version="4.19.0.v20210630075054" download-size="6558" install-size="6558" />
	<plugin fragment="true" id="org.eclipse.ui.cocoa.nl_ja" unpack="false" version="4.19.0.v20210630075054" download-size="1546" install-size="1546" />
	<plugin fragment="true" id="org.eclipse.ui.console.nl_ja" unpack="false" version="4.19.0.v20210630075054" download-size="3923" install-size="3923" />
	<plugin fragment="true" id="org.eclipse.ui.editors.nl_ja" unpack="false" version="4.19.0.v20210630075054" download-size="16274" install-size="16274" />
	<plugin fragment="true" id="org.eclipse.ui.examples.contributions.nl_ja" unpack="false" version="4.19.0.v20210630075054" download-size="3752" install-size="3752" />
	<plugin fragment="true" id="org.eclipse.ui.examples.fieldassist.nl_ja" unpack="false" version="4.19.0.v20210630075054" download-size="4097" install-size="4097" />
	<plugin fragment="true" id="org.eclipse.ui.examples.javaeditor.nl_ja" unpack="false" version="4.19.0.v20210630075054" download-size="4468" install-size="4468" />
	<plugin fragment="true" id="org.eclipse.ui.examples.job.nl_ja" unpack="false" version="4.19.0.v20210630075054" download-size="1508" install-size="1508" />
	<plugin fragment="true" id="org.eclipse.ui.examples.multipageeditor.nl_ja" unpack="false" version="4.19.0.v20210630075054" download-size="2618" install-size="2618" />
	<plugin fragment="true" id="org.eclipse.ui.examples.navigator.nl_ja" unpack="false" version="4.19.0.v20210630075054" download-size="1534" install-size="1534" />
	<plugin fragment="true" id="org.eclipse.ui.examples.propertysheet.nl_ja" unpack="false" version="4.19.0.v20210630075054" download-size="4068" install-size="4068" />
	<plugin fragment="true" id="org.eclipse.ui.examples.readmetool.nl_ja" unpack="false" version="4.19.0.v20210630075054" download-size="4911" install-size="4911" />
	<plugin fragment="true" id="org.eclipse.ui.examples.undo.nl_ja" unpack="false" version="4.19.0.v20210630075054" download-size="3100" install-size="3100" />
	<plugin fragment="true" id="org.eclipse.ui.examples.uriSchemeHandler.nl_ja" unpack="false" version="4.19.0.v20210630075054" download-size="1524" install-size="1524" />
	<plugin fragment="true" id="org.eclipse.ui.examples.views.properties.tabbed.article.nl_ja" unpack="false" version="4.19.0.v20210630075054" download-size="1640" install-size="1640" />
	<plugin fragment="true" id="org.eclipse.ui.externaltools.nl_ja" unpack="false" version="4.19.0.v20210630075054" download-size="9576" install-size="9576" />
	<plugin fragment="true" id="org.eclipse.ui.forms.examples.nl_ja" unpack="false" version="4.19.0.v20210630075054" download-size="1555" install-size="1555" />
	<plugin fragment="true" id="org.eclipse.ui.forms.nl_ja" unpack="false" version="4.19.0.v20210630075054" download-size="2544" install-size="2544" />
	<plugin fragment="true" id="org.eclipse.ui.genericeditor.nl_ja" unpack="false" version="4.19.0.v20210630075054" download-size="2922" install-size="2922" />
	<plugin fragment="true" id="org.eclipse.ui.ide.application.nl_ja" unpack="false" version="4.19.0.v20210630075054" download-size="2039" install-size="2039" />
	<plugin fragment="true" id="org.eclipse.ui.ide.nl_ja" unpack="false" version="4.19.0.v20210630075054" download-size="46499" install-size="46499" />
	<plugin fragment="true" id="org.eclipse.ui.intro.nl_ja" unpack="false" version="4.19.0.v20210630075054" download-size="4302" install-size="4302" />
	<plugin fragment="true" id="org.eclipse.ui.intro.quicklinks.examples.nl_ja" unpack="false" version="4.19.0.v20210630075054" download-size="1789" install-size="1789" />
	<plugin fragment="true" id="org.eclipse.ui.intro.quicklinks.nl_ja" unpack="false" version="4.19.0.v20210630075054" download-size="1462" install-size="1462" />
	<plugin fragment="true" id="org.eclipse.ui.intro.universal.nl_ja" unpack="false" version="4.19.0.v20210630075054" download-size="18022" install-size="18022" />
	<plugin fragment="true" id="org.eclipse.ui.monitoring.nl_ja" unpack="false" version="4.19.0.v20210630075054" download-size="4988" install-size="4988" />
	<plugin fragment="true" id="org.eclipse.ui.navigator.nl_ja" unpack="false" version="4.19.0.v20210630075054" download-size="4760" install-size="4760" />
	<plugin fragment="true" id="org.eclipse.ui.navigator.resources.nl_ja" unpack="false" version="4.19.0.v20210630075054" download-size="4439" install-size="4439" />
	<plugin fragment="true" id="org.eclipse.ui.net.nl_ja" unpack="false" version="4.19.0.v20210630075054" download-size="3088" install-size="3088" />
	<plugin fragment="true" id="org.eclipse.ui.nl_ja" unpack="false" version="4.19.0.v20210630075054" download-size="7244" install-size="7244" />
	<plugin fragment="true" id="org.eclipse.ui.tests.navigator.nl_ja" unpack="false" version="4.19.0.v20210630075054" download-size="1633" install-size="1633" />
	<plugin fragment="true" id="org.eclipse.ui.tests.performance.nl_ja" unpack="false" version="4.19.0.v20210630075054" download-size="1462" install-size="1462" />
	<plugin fragment="true" id="org.eclipse.ui.tests.rcp.nl_ja" unpack="false" version="4.19.0.v20210630075054" download-size="1485" install-size="1485" />
	<plugin fragment="true" id="org.eclipse.ui.tests.views.properties.tabbed.nl_ja" unpack="false" version="4.19.0.v20210630075054" download-size="1665" install-size="1665" />
	<plugin fragment="true" id="org.eclipse.ui.themes.nl_ja" unpack="false" version="4.19.0.v20210630075054" download-size="1930" install-size="1930" />
	<plugin fragment="true" id="org.eclipse.ui.trace.nl_ja" unpack="false" version="4.19.0.v20210630075054" download-size="3169" install-size="3169" />
	<plugin fragment="true" id="org.eclipse.ui.views.log.nl_ja" unpack="false" version="4.19.0.v20210630075054" download-size="4291" install-size="4291" />
	<plugin fragment="true" id="org.eclipse.ui.views.nl_ja" unpack="false" version="4.19.0.v20210630075054" download-size="3609" install-size="3609" />
	<plugin fragment="true" id="org.eclipse.ui.views.properties.tabbed.nl_ja" unpack="false" version="4.19.0.v20210630075054" download-size="3363" install-size="3363" />
	<plugin fragment="true" id="org.eclipse.ui.win32.nl_ja" unpack="false" version="4.19.0.v20210630075054" download-size="2887" install-size="2887" />
	<plugin fragment="true" id="org.eclipse.ui.workbench.nl_ja" unpack="false" version="4.19.0.v20210630075054" download-size="33088" install-size="33088" />
	<plugin fragment="true" id="org.eclipse.ui.workbench.texteditor.nl_ja" unpack="false" version="4.19.0.v20210630075054" download-size="16988" install-size="16988" />
	<plugin fragment="true" id="org.eclipse.unittest.ui.nl_ja" unpack="false" version="4.19.0.v20210630075054" download-size="5712" install-size="5712" />
	<plugin fragment="true" id="org.eclipse.update.configurator.nl_ja" unpack="false" version="4.19.0.v20210630075054" download-size="3777" install-size="3777" />
	<plugin fragment="true" id="org.eclipse.urischeme.nl_ja" unpack="false" version="4.19.0.v20210630075054" download-size="1530" install-size="1530" />
</feature>